date,open,close,low,high,volume
2010-01-04,30.620001,30.950001,30.59,31.1,38409100
2010-01-05,30.85,30.959999,30.639999,31.1,49749600
2010-01-06,30.879999,30.77,30.52,31.08,58182400
2010-01-07,30.629999,30.450001,30.190001,30.700001,50559700
2010-01-08,30.280001,30.66,30.24,30.879999,51197400
2010-01-11,30.709999,30.27,30.120001,30.76,68754700
2010-01-12,30.15,30.07,29.91,30.4,65912100
2010-01-13,30.26,30.35,30.01,30.52,51863500
2010-01-14,30.309999,30.959999,30.26,31.1,63228100
2010-01-15,31.08,30.860001,30.709999,31.24,79913200
2010-01-19,30.75,31.1,30.68,31.24,46575700
2010-01-20,30.809999,30.59,30.309999,30.940001,54849500
2010-01-21,30.610001,30.01,30,30.719999,73086700
2010-01-22,30,28.959999,28.84,30.200001,102004600
2010-01-25,29.24,29.32,29.1,29.66,63373000
2010-01-26,29.200001,29.5,29.09,29.85,66639900
2010-01-27,29.35,29.67,29.02,29.82,63949500
2010-01-28,29.84,29.16,28.889999,29.870001,117513700
2010-01-29,29.9,28.18,27.66,29.92,193888500
2010-02-01,28.389999,28.41,27.92,28.48,85931100
2010-02-02,28.370001,28.459999,28.139999,28.5,54413700
2010-02-03,28.26,28.629999,28.120001,28.790001,61397900
2010-02-04,28.379999,27.84,27.809999,28.5,77850000
2010-02-05,28,28.02,27.57,28.280001,80960100
2010-02-08,28.01,27.719999,27.57,28.08,52820600
2010-02-09,27.969999,28.01,27.75,28.34,59195800
2010-02-10,28.030001,27.99,27.84,28.24,48591300
2010-02-11,27.93,28.120001,27.700001,28.4,65993700
2010-02-12,27.809999,27.93,27.58,28.059999,81117200
2010-02-16,28.129999,28.35,28.02,28.370001,51935600
2010-02-17,28.530001,28.59,28.360001,28.65,45882900
2010-02-18,28.59,28.969999,28.51,29.030001,42856500
2010-02-19,28.790001,28.77,28.690001,28.92,44451800
2010-02-22,28.84,28.73,28.65,28.940001,36707100
2010-02-23,28.68,28.33,28.09,28.83,52266200
2010-02-24,28.52,28.629999,28.379999,28.790001,43165900
2010-02-25,28.27,28.6,28.02,28.65,48735300
2010-02-26,28.65,28.67,28.51,28.85,40370600
2010-03-01,28.77,29.02,28.530001,29.049999,43805400
2010-03-02,29.08,28.459999,28.24,29.299999,93123900
2010-03-03,28.51,28.459999,28.35,28.610001,48442100
2010-03-04,28.459999,28.629999,28.27,28.65,42890600
2010-03-05,28.66,28.59,28.42,28.68,56001800
2010-03-08,28.52,28.629999,28.5,28.93,39414500
2010-03-09,28.559999,28.799999,28.549999,29.110001,50271600
2010-03-10,28.860001,28.969999,28.799999,29.110001,44891400
2010-03-11,28.889999,29.18,28.85,29.190001,35349700
2010-03-12,29.32,29.27,29.040001,29.379999,31700200
2010-03-15,29.18,29.290001,29.01,29.370001,37512000
2010-03-16,29.42,29.370001,29.200001,29.49,36723500
2010-03-17,29.5,29.629999,29.4,29.870001,50385700
2010-03-18,29.629999,29.610001,29.5,29.719999,43845200
2010-03-19,29.76,29.59,29.35,29.9,81332100
2010-03-22,29.5,29.6,29.389999,29.700001,37718200
2010-03-23,29.59,29.879999,29.41,29.9,42026600
2010-03-24,29.719999,29.65,29.6,29.85,33987700
2010-03-25,29.83,30.01,29.799999,30.57,73168700
2010-03-26,30.09,29.66,29.59,30.200001,55595500
2010-03-29,29.709999,29.59,29.549999,29.82,33336000
2010-03-30,29.629999,29.77,29.5,29.860001,34954800
2010-03-31,29.639999,29.290001,29.17,29.719999,63760000
2010-04-01,29.35,29.16,28.620001,29.540001,74768100
2010-04-05,29.129999,29.27,29.030001,29.43,34331200
2010-04-06,29.15,29.32,28.98,29.58,47366800
2010-04-07,29.16,29.35,29.139999,29.559999,58318800
2010-04-08,29.32,29.92,29.299999,29.98,63713800
2010-04-09,29.950001,30.34,29.9,30.41,54752500
2010-04-12,30.25,30.32,30.209999,30.49,37068800
2010-04-13,30.15,30.450001,30.129999,30.5,41374600
2010-04-14,30.790001,30.82,30.66,31,68941200
2010-04-15,30.82,30.870001,30.709999,30.950001,52745400
2010-04-16,30.790001,30.67,30.6,30.98,88703100
2010-04-19,30.77,31.040001,30.76,31.25,64970300
2010-04-20,31.219999,31.360001,31.129999,31.440001,52199500
2010-04-21,31.33,31.33,31.23,31.5,55343100
2010-04-22,31.040001,31.389999,30.9,31.530001,84847600
2010-04-23,31.120001,30.959999,30.65,31.58,126766600
2010-04-26,31,31.110001,30.860001,31.280001,63649300
2010-04-27,30.950001,30.85,30.75,31.25,68730900
2010-04-28,30.92,30.91,30.620001,31,64557900
2010-04-29,30.93,31,30.67,31.43,52665200
2010-04-30,31.07,30.540001,30.52,31.08,63214800
2010-05-03,30.67,30.860001,30.58,31.059999,43989500
2010-05-04,30.52,30.129999,29.75,30.549999,82085600
2010-05-05,29.77,29.85,29.690001,30.09,66833800
2010-05-06,29.59,28.98,27.91,29.879999,128613000
2010-05-07,28.93,28.209999,27.32,28.950001,173718100
2010-05-10,29.01,28.940001,28.709999,29.48,86653300
2010-05-11,28.68,28.879999,28.57,29.65,63789400
2010-05-12,28.98,29.440001,28.92,29.58,47146800
2010-05-13,29.26,29.24,29.18,29.73,45188800
2010-05-14,29.200001,28.93,28.639999,29.209999,63334000
2010-05-17,29.120001,28.940001,28.450001,29.23,46053300
2010-05-18,28.870001,28.6,28.4,29,52690600
2010-05-19,28.52,28.24,27.790001,28.690001,61746700
2010-05-20,27.65,27.110001,27.040001,27.84,87991100
2010-05-21,26.629999,26.84,26.440001,27.110001,117596300
2010-05-24,26.85,26.27,26.26,26.860001,73711700
2010-05-25,25.65,26.07,25.379999,26.33,98373600
2010-05-26,26.23,25.01,24.559999,26.610001,176684100
2010-05-27,25.73,26,25.73,26.360001,136433600
2010-05-28,25.84,25.799999,25.66,26.120001,67496900
2010-06-01,25.530001,25.889999,25.52,26.309999,76152400
2010-06-02,26.059999,26.459999,25.73,26.48,65718800
2010-06-03,26.549999,26.860001,26.41,26.93,67837000
2010-06-04,26.1,25.790001,25.620001,26.57,89832200
2010-06-07,25.82,25.290001,25.24,25.83,80456200
2010-06-08,25.25,25.110001,24.65,25.26,87355000
2010-06-09,25.219999,24.790001,24.75,25.52,87794000
2010-06-10,25.129999,25,24.780001,25.15,78930900
2010-06-11,25.040001,25.66,24.77,25.719999,68057700
2010-06-14,25.860001,25.5,25.469999,25.959999,50972400
2010-06-15,25.75,26.58,25.74,26.65,81641500
2010-06-16,26.469999,26.32,26.23,26.58,48698000
2010-06-17,26.559999,26.370001,26.040001,26.67,47995500
2010-06-18,26.370001,26.440001,26.17,26.530001,52075600
2010-06-21,26.780001,25.950001,25.889999,26.889999,54625300
2010-06-22,26.16,25.77,25.76,26.450001,55985400
2010-06-23,25.780001,25.309999,25.219999,25.780001,61466200
2010-06-24,25.459999,25,24.93,25.719999,85243400
2010-06-25,25.049999,24.530001,24.309999,25.110001,156256700
2010-06-28,24.51,24.309999,24.120001,24.610001,73784800
2010-06-29,24.129999,23.309999,23.110001,24.200001,119882100
2010-06-30,23.299999,23.01,22.950001,23.68,81050500
2010-07-01,23.09,23.16,22.73,23.32,92239400
2010-07-02,23.360001,23.27,23.049999,23.48,62485100
2010-07-06,23.700001,23.82,23.58,24.09,73592000
2010-07-07,23.82,24.299999,23.610001,24.32,79965300
2010-07-08,24.6,24.41,23.969999,24.620001,50758100
2010-07-09,24.33,24.27,24.15,24.41,53806100
2010-07-12,24.43,24.83,24.42,24.889999,49854200
2010-07-13,25.139999,25.129999,24.9,25.299999,61928700
2010-07-14,25.5,25.440001,25.120001,25.610001,72808100
2010-07-15,25.5,25.51,24.98,25.59,56934700
2010-07-16,25.51,24.889999,24.879999,25.639999,65064800
2010-07-19,24.959999,25.23,24.91,25.299999,38181800
2010-07-20,24.860001,25.48,24.700001,25.48,45530700
2010-07-21,25.6,25.120001,24.98,25.65,73297300
2010-07-22,25.51,25.84,25.469999,25.99,73016400
2010-07-23,25.84,25.809999,25.25,26.02,108520100
2010-07-26,25.860001,26.1,25.799999,26.200001,67249900
2010-07-27,26.139999,26.16,25.959999,26.24,60672100
2010-07-28,26.07,25.950001,25.83,26.190001,69704800
2010-07-29,26.129999,26.030001,25.6,26.41,69446200
2010-07-30,25.75,25.809999,25.35,25.84,83534800
2010-08-02,25.99,26.33,25.75,26.379999,55044600
2010-08-03,26.200001,26.16,25.969999,26.35,56877700
2010-08-04,26.15,25.73,25.440001,26.24,78531900
2010-08-05,25.49,25.370001,25.209999,25.58,64922100
2010-08-06,25.18,25.549999,25.02,25.559999,55982100
2010-08-09,25.549999,25.610001,25.370001,25.73,57096500
2010-08-10,25.33,25.07,24.879999,25.34,87257700
2010-08-11,24.68,24.860001,24.559999,24.9,76746900
2010-08-12,24.42,24.49,24.360001,24.68,70240500
2010-08-13,24.35,24.4,24.24,24.67,45263500
2010-08-16,24.360001,24.5,24.299999,24.610001,40909700
2010-08-17,24.709999,24.709999,24.6,24.959999,52912600
2010-08-18,24.68,24.82,24.41,24.950001,46818900
2010-08-19,24.620001,24.440001,24.209999,24.74,54064600
2010-08-20,24.309999,24.23,24.200001,24.4,49560100
2010-08-23,24.440001,24.280001,24.24,24.639999,51643000
2010-08-24,24.09,24.040001,24,24.35,66522500
2010-08-25,24,24.1,23.870001,24.219999,47404800
2010-08-26,24.09,23.82,23.790001,24.190001,49105300
2010-08-27,23.879999,23.93,23.51,24.02,60939400
2010-08-30,23.74,23.639999,23.6,23.82,45453100
2010-08-31,23.6,23.469999,23.32,23.73,66074600
2010-09-01,23.67,23.9,23.540001,23.950001,65235900
2010-09-02,23.879999,23.940001,23.709999,23.950001,48837100
2010-09-03,24.24,24.290001,24.200001,24.450001,64189100
2010-09-07,24.1,23.959999,23.92,24.299999,51928700
2010-09-08,24.07,23.93,23.74,24.200001,65512400
2010-09-09,24.190001,24.01,23.99,24.209999,46028900
2010-09-10,23.98,23.85,23.790001,24.030001,58284300
2010-09-13,24.200001,25.110001,24.09,25.290001,114680400
2010-09-14,25.040001,25.030001,24.889999,25.35,87160400
2010-09-15,25.1,25.120001,24.92,25.219999,56201900
2010-09-16,25.059999,25.33,25.049999,25.370001,44548300
2010-09-17,25.4,25.219999,25.08,25.530001,70341600
2010-09-20,25.280001,25.43,25.110001,25.52,49838700
2010-09-21,25.42,25.15,25.08,25.42,52675700
2010-09-22,24.889999,24.610001,24.360001,24.969999,94299400
2010-09-23,24.51,24.43,24.360001,24.59,46201800
2010-09-24,24.639999,24.780001,24.58,24.799999,51948800
2010-09-27,24.85,24.73,24.59,24.99,43603300
2010-09-28,24.799999,24.68,24.35,24.9,56041200
2010-09-29,24.629999,24.5,24.4,24.66,44318900
2010-09-30,24.610001,24.49,24.360001,24.83,61262700
2010-10-01,24.77,24.379999,24.299999,24.82,62672300
2010-10-04,23.959999,23.91,23.780001,23.99,98143400
2010-10-05,24.059999,24.35,23.91,24.450001,78152900
2010-10-06,24.32,24.43,24.129999,24.540001,50489700
2010-10-07,24.620001,24.530001,24.280001,24.75,50096100
2010-10-08,24.620001,24.57,24.370001,24.65,41327800
2010-10-11,24.74,24.59,24.5,24.74,27587800
2010-10-12,24.65,24.83,24.43,24.93,50141500
2010-10-13,25.02,25.34,24.889999,25.540001,75336500
2010-10-14,25.290001,25.23,25,25.34,51949100
2010-10-15,25.360001,25.540001,25.23,25.549999,68954800
2010-10-18,25.59,25.82,25.450001,25.950001,48330500
2010-10-19,25.27,25.1,24.950001,25.370001,66150900
2010-10-20,25.26,25.309999,25.1,25.4,56283600
2010-10-21,25.4,25.42,25.049999,25.540001,50032400
2010-10-22,25.52,25.379999,25.27,25.540001,25837900
2010-10-25,25.24,25.190001,25.17,25.35,50912400
2010-10-26,25.120001,25.9,25.059999,25.969999,69304200
2010-10-27,25.790001,26.049999,25.620001,26.110001,64805500
2010-10-28,26.209999,26.280001,25.92,26.379999,80730300
2010-10-29,27.15,26.67,26.48,27.200001,114193200
2010-11-01,26.879999,26.950001,26.700001,27.219999,61912100
2010-11-02,27.059999,27.389999,27.02,27.42,54402100
2010-11-03,27.459999,27.030001,26.959999,27.49,110255300
2010-11-04,27.41,27.139999,27.01,27.43,93599300
2010-11-05,27.17,26.85,26.530001,27.190001,110953700
2010-11-08,26.68,26.809999,26.58,28.870001,71670800
2010-11-09,26.809999,26.950001,26.709999,27.110001,58538600
2010-11-10,27.01,26.940001,26.809999,27.08,52277300
2010-11-11,26.68,26.68,26.280001,26.719999,62073100
2010-11-12,26.469999,26.27,26.1,26.52,64962200
2010-11-15,26.33,26.200001,26.17,26.5,51794600
2010-11-16,26.040001,25.809999,25.65,26.040001,65339200
2010-11-17,25.9,25.57,25.549999,25.91,58299700
2010-11-18,25.709999,25.84,25.610001,26.08,59514000
2010-11-19,25.799999,25.690001,25.6,25.83,52423200
2010-11-22,25.65,25.73,25.440001,25.74,53350500
2010-11-23,25.57,25.120001,25.09,25.6,69742500
2010-11-24,25.200001,25.370001,25.16,25.459999,56825900
2010-11-26,25.209999,25.25,25.17,25.41,21356500
2010-11-29,25.190001,25.309999,24.93,25.42,56603600
2010-11-30,25.049999,25.26,25,25.469999,75282100
2010-12-01,25.57,26.040001,25.559999,26.25,74123500
2010-12-02,26.24,26.889999,26.200001,26.98,91759200
2010-12-03,26.809999,27.02,26.780001,27.059999,52622000
2010-12-06,26.93,26.84,26.76,26.98,36264200
2010-12-07,27.08,26.870001,26.85,27.129999,57860500
2010-12-08,26.83,27.23,26.799999,27.24,41666800
2010-12-09,27.280001,27.08,27.01,27.34,47148300
2010-12-10,27.190001,27.34,27.110001,27.4,37625800
2010-12-13,27.27,27.25,27.17,27.450001,47943900
2010-12-14,27.309999,27.620001,27.26,27.75,64070500
2010-12-15,27.530001,27.85,27.530001,27.99,69634200
2010-12-16,27.76,27.99,27.66,27.99,57680200
2010-12-17,27.92,27.9,27.75,28.09,87456500
2010-12-20,27.950001,27.809999,27.68,27.99,52811000
2010-12-21,27.85,28.07,27.76,28.139999,38153000
2010-12-22,28.01,28.190001,27.98,28.4,42252300
2010-12-23,27.969999,28.299999,27.959999,28.32,24902500
2010-12-27,28.120001,28.07,27.879999,28.200001,21652800
2010-12-28,27.969999,28.01,27.959999,28.17,23042200
2010-12-29,27.940001,27.969999,27.879999,28.120001,19502500
2010-12-30,27.92,27.85,27.780001,28,20786100
2010-12-31,27.799999,27.91,27.629999,27.92,24752000
2011-01-03,28.049999,27.98,27.92,28.18,53443800
2011-01-04,27.940001,28.09,27.85,28.17,54405600
2011-01-05,27.9,28,27.77,28.01,58998700
2011-01-06,28.040001,28.82,27.860001,28.85,88026300
2011-01-07,28.639999,28.6,28.25,28.74,73762000
2011-01-10,28.26,28.219999,28.040001,28.4,57573600
2011-01-11,28.200001,28.110001,28.049999,28.25,50298900
2011-01-12,28.120001,28.549999,28.07,28.59,52631100
2011-01-13,28.33,28.190001,28.01,28.389999,67077600
2011-01-14,28.08,28.299999,27.91,28.379999,62688400
2011-01-18,28.16,28.66,28.139999,28.74,53322700
2011-01-19,28.459999,28.469999,28.27,28.68,50005900
2011-01-20,28.5,28.35,28.129999,28.549999,58613600
2011-01-21,28.4,28.02,28.02,28.43,58080300
2011-01-24,28.02,28.379999,27.99,28.559999,52047800
2011-01-25,28.139999,28.450001,28.120001,28.450001,42436600
2011-01-26,28.51,28.780001,28.5,28.99,74628800
2011-01-27,28.75,28.870001,28.49,29.459999,146938600
2011-01-28,28.9,27.75,27.450001,28.93,141249400
2011-01-31,27.77,27.73,27.42,27.9,65029000
2011-02-01,27.799999,27.99,27.610001,28.059999,62810700
2011-02-02,27.93,27.940001,27.879999,28.110001,45824000
2011-02-03,27.969999,27.65,27.540001,27.969999,60340100
2011-02-04,27.700001,27.77,27.51,27.84,40412200
2011-02-07,27.799999,28.200001,27.790001,28.34,68980900
2011-02-08,28.1,28.280001,28.049999,28.34,34904200
2011-02-09,28.190001,27.969999,27.91,28.26,52905100
2011-02-10,27.93,27.5,27.290001,27.940001,76672400
2011-02-11,27.76,27.25,27.07,27.809999,83939700
2011-02-14,27.209999,27.23,26.950001,27.27,56766200
2011-02-15,27.040001,26.959999,26.950001,27.33,44116500
2011-02-16,27.049999,27.02,26.6,27.07,70817900
2011-02-17,26.969999,27.209999,26.91,27.370001,57207300
2011-02-18,27.129999,27.059999,26.99,27.209999,68667800
2011-02-22,26.780001,26.59,26.52,27.1,60889000
2011-02-23,26.530001,26.59,26.43,26.860001,60234100
2011-02-24,26.639999,26.77,26.5,27.059999,64494200
2011-02-25,26.91,26.549999,26.5,26.950001,53006300
2011-02-28,26.690001,26.58,26.51,26.860001,51379900
2011-03-01,26.6,26.16,26.15,26.780001,60055000
2011-03-02,26.110001,26.08,26.040001,26.370001,48658200
2011-03-03,26.26,26.200001,26.18,26.4,68271500
2011-03-04,26.219999,25.950001,25.799999,26.24,70437200
2011-03-07,26.129999,25.719999,25.549999,26.27,64980400
2011-03-08,25.77,25.91,25.65,26.02,50549800
2011-03-09,25.809999,25.889999,25.66,25.98,39789100
2011-03-10,25.620001,25.41,25.35,25.709999,66549500
2011-03-11,25.41,25.68,25.360001,25.85,49905800
2011-03-14,25.49,25.690001,25.35,25.76,54473400
2011-03-15,25.08,25.389999,25,25.469999,76067300
2011-03-16,25.219999,24.790001,24.68,25.280001,100725400
2011-03-17,25.059999,24.780001,24.75,25.219999,62497000
2011-03-18,25.059999,24.799999,24.799999,25.18,85486700
2011-03-21,25.18,25.33,25.15,25.58,46878100
2011-03-22,25.299999,25.299999,25.23,25.459999,30895600
2011-03-23,25.23,25.540001,25.18,25.610001,43969000
2011-03-24,25.6,25.809999,25.5,25.870001,38696700
2011-03-25,25.93,25.620001,25.59,25.950001,57029800
2011-03-28,25.66,25.41,25.379999,25.719999,48973200
2011-03-29,25.34,25.49,25.299999,25.52,40763500
2011-03-30,25.6,25.610001,25.5,25.719999,41999300
2011-03-31,25.6,25.389999,25.34,25.68,63233700
2011-04-01,25.530001,25.48,25.309999,25.530001,63114200
2011-04-04,25.450001,25.549999,25.41,25.66,35433700
2011-04-05,25.82,25.780001,25.74,26.18,73651100
2011-04-06,25.98,26.15,25.860001,26.309999,65581400
2011-04-07,26.190001,26.200001,25.969999,26.26,46134700
2011-04-08,26.17,26.07,25.959999,26.280001,39887600
2011-04-11,26.190001,25.98,25.799999,26.25,34286300
2011-04-12,25.83,25.639999,25.549999,25.85,36920400
2011-04-13,25.65,25.629999,25.559999,25.870001,38144700
2011-04-14,25.42,25.42,25.09,25.440001,55239900
2011-04-15,25.459999,25.370001,25.18,25.559999,65080400
2011-04-18,25.1,25.08,24.719999,25.280001,58045100
2011-04-19,25,25.15,24.870001,25.17,38892400
2011-04-20,25.540001,25.76,25.51,26,61608600
2011-04-21,25.790001,25.52,25.360001,25.889999,46892300
2011-04-25,25.559999,25.610001,25.34,25.620001,33525100
2011-04-26,25.74,26.190001,25.67,26.440001,69200000
2011-04-27,26.299999,26.379999,26.129999,26.389999,52689000
2011-04-28,26.459999,26.709999,26.4,26.870001,80200000
2011-04-29,26.549999,25.92,25.360001,26.639999,319317900
2011-05-02,25.940001,25.66,25.48,26,89825600
2011-05-03,25.6,25.809999,25.49,25.85,71892900
2011-05-04,25.85,26.059999,25.790001,26.25,73292300
2011-05-05,26.049999,25.790001,25.68,26.08,55600000
2011-05-06,26.07,25.870001,25.75,26.219999,55993000
2011-05-09,25.799999,25.83,25.67,25.959999,38696400
2011-05-10,25.379999,25.67,25.25,25.85,120798700
2011-05-11,25.65,25.360001,25.209999,25.66,78600000
2011-05-12,25.35,25.32,25.1,25.389999,77400000
2011-05-13,25.280001,25.030001,24.950001,25.32,66812300
2011-05-16,24.959999,24.57,24.5,25.07,91350900
2011-05-17,24.4,24.52,24.27,24.700001,82882100
2011-05-18,24.530001,24.690001,24.25,24.74,53931100
2011-05-19,24.85,24.719999,24.5,24.879999,37783600
2011-05-20,24.719999,24.49,24.440001,24.870001,45451500
2011-05-23,24.209999,24.17,24.030001,24.25,52692500
2011-05-24,24.200001,24.15,24.040001,24.290001,47691800
2011-05-25,24.17,24.190001,24.16,24.309999,34904200
2011-05-26,24.35,24.67,24.32,25.030001,78016600
2011-05-27,24.68,24.76,24.65,24.9,50251000
2011-05-31,24.959999,25.01,24.700001,25.059999,60196300
2011-06-01,24.99,24.43,24.370001,25.1,74033500
2011-06-02,24.49,24.219999,24.18,24.65,51487800
2011-06-03,24.049999,23.91,23.84,24.139999,60697700
2011-06-06,23.889999,24.01,23.77,24.25,54778700
2011-06-07,24.09,24.059999,23.9,24.17,41112600
2011-06-08,23.9,23.940001,23.860001,24.02,42205000
2011-06-09,24.01,23.959999,23.82,24.040001,42878700
2011-06-10,24.02,23.709999,23.690001,24.02,49327200
2011-06-13,23.790001,24.040001,23.700001,24.190001,47572500
2011-06-14,24.299999,24.219999,24.190001,24.450001,42894500
2011-06-15,24,23.74,23.67,24.01,49410200
2011-06-16,23.75,24,23.65,24.1,57184100
2011-06-17,24.219999,24.26,23.98,24.299999,83320400
2011-06-20,24.17,24.469999,24.16,24.66,54338400
2011-06-21,24.52,24.76,24.4,24.860001,49708700
2011-06-22,24.6,24.65,24.59,24.809999,44287300
2011-06-23,24.440001,24.629999,24.200001,24.65,59470400
2011-06-24,24.51,24.299999,24.190001,24.540001,101387200
2011-06-27,24.23,25.200001,24.23,25.459999,92044200
2011-06-28,25.299999,25.799999,25.16,25.92,81032100
2011-06-29,25.709999,25.620001,25.360001,25.709999,66051000
2011-06-30,25.74,26,25.66,26,52535400
2011-07-01,25.93,26.02,25.84,26.17,52906200
2011-07-05,26.1,26.030001,25.9,26.15,37805300
2011-07-06,25.969999,26.33,25.959999,26.370001,48744200
2011-07-07,26.49,26.77,26.360001,26.879999,51946500
2011-07-08,26.540001,26.92,26.51,26.98,58320700
2011-07-11,26.620001,26.629999,26.49,26.799999,43999800
2011-07-12,26.549999,26.540001,26.34,26.790001,47319300
2011-07-13,26.6,26.629999,26.51,26.959999,40861800
2011-07-14,26.620001,26.469999,26.360001,27.01,46382300
2011-07-15,26.469999,26.780001,26.469999,26.93,49132400
2011-07-18,26.629999,26.59,26.26,26.9,44501900
2011-07-19,26.809999,27.540001,26.780001,27.639999,86730600
2011-07-20,27.280001,27.059999,26.98,27.35,49795400
2011-07-21,27.040001,27.1,26.65,27.309999,81737400
2011-07-22,26.860001,27.530001,26.68,27.549999,76380600
2011-07-25,27.26,27.91,27.190001,28.09,108482400
2011-07-26,27.82,28.08,27.780001,28.15,74636500
2011-07-27,27.879999,27.33,27.200001,27.99,71488700
2011-07-28,27.290001,27.719999,27.209999,28.07,83761400
2011-07-29,27.52,27.4,27.26,27.709999,104394800
2011-08-01,27.51,27.27,26.75,27.690001,61838400
2011-08-02,26.98,26.799999,26.76,27.450001,63883100
2011-08-03,26.83,26.92,26.48,27,64581200
2011-08-04,26.530001,25.940001,25.93,26.870001,92949500
2011-08-05,25.969999,25.68,25.23,26.1,112071700
2011-08-08,25.02,24.48,24.389999,25.6,134257200
2011-08-09,24.709999,25.58,24.030001,25.620001,126268900
2011-08-10,24.950001,24.200001,24.1,25.09,127819900
2011-08-11,24.5,25.190001,24.4,25.379999,90690100
2011-08-12,25.129999,25.1,24.65,25.34,64787100
2011-08-15,25.24,25.51,25.15,25.58,56529400
2011-08-16,25.219999,25.35,25.049999,25.59,54251500
2011-08-17,25.25,25.25,24.93,25.700001,50923700
2011-08-18,24.57,24.67,24.030001,25.09,105714200
2011-08-19,24.41,24.049999,23.91,24.620001,77397900
2011-08-22,24.42,23.98,23.790001,24.49,54721000
2011-08-23,24.030001,24.719999,24.030001,24.75,59670600
2011-08-24,24.65,24.9,24.42,24.93,45329700
2011-08-25,25.08,24.57,24.5,25.16,48192000
2011-08-26,24.51,25.25,24.42,25.34,71957000
2011-08-29,25.530001,25.84,25.370001,25.860001,38863200
2011-08-30,25.73,26.23,25.700001,26.43,57341400
2011-08-31,26.290001,26.6,26.26,26.709999,59300800
2011-09-01,26.459999,26.209999,26.209999,26.860001,60510800
2011-09-02,25.780001,25.799999,25.66,26,43894400
2011-09-06,25.200001,25.51,25.110001,25.59,54929300
2011-09-07,25.690001,26,25.57,26,41961000
2011-09-08,26,26.219999,25.950001,26.66,65811900
2011-09-09,26,25.74,25.5,26.18,64529200
2011-09-12,25.440001,25.889999,25.27,25.93,55046100
2011-09-13,25.92,26.040001,25.809999,26.190001,48792300
2011-09-14,26.17,26.5,25.889999,26.799999,66739200
2011-09-15,26.73,26.99,26.309999,27.030001,67808300
2011-09-16,27.049999,27.120001,26.83,27.27,89681500
2011-09-19,26.799999,27.209999,26.6,27.309999,52324900
2011-09-20,27.309999,26.98,26.93,27.5,49211900
2011-09-21,27.049999,25.99,25.969999,27.059999,72750700
2011-09-22,25.299999,25.059999,24.6,25.65,96278300
2011-09-23,24.9,25.059999,24.690001,25.15,64768100
2011-09-26,25.190001,25.440001,24.73,25.52,51057600
2011-09-27,25.66,25.67,25.450001,25.92,55620700
2011-09-28,25.93,25.58,25.51,26.370001,60736200
2011-09-29,25.98,25.450001,25.09,26.17,63407300
2011-09-30,25.200001,24.889999,24.879999,25.5,54060500
2011-10-03,24.719999,24.530001,24.52,25.34,64592500
2011-10-04,24.299999,25.34,24.26,25.389999,83485400
2011-10-05,25.42,25.889999,25.16,26.16,94061300
2011-10-06,25.9,26.34,25.700001,26.4,55111400
2011-10-07,26.34,26.25,26.200001,26.51,52741600
2011-10-10,26.58,26.940001,26.469999,26.969999,41815300
2011-10-11,26.860001,27,26.719999,27.07,38826200
2011-10-12,27.18,26.959999,26.9,27.309999,52489800
2011-10-13,26.76,27.18,26.620001,27.200001,43823500
2011-10-14,27.309999,27.27,27.02,27.5,50947700
2011-10-17,27.110001,26.98,26.85,27.42,39453300
2011-10-18,26.940001,27.309999,26.799999,27.4,52487900
2011-10-19,27.370001,27.129999,27.01,27.469999,42880000
2011-10-20,27.26,27.040001,26.4,27.34,76300200
2011-10-21,27.15,27.16,26.799999,27.190001,76620600
2011-10-24,27.059999,27.190001,27.040001,27.4,56897800
2011-10-25,27.08,26.809999,26.719999,27.23,53554600
2011-10-26,27.030001,26.59,26.1,27.059999,63029900
2011-10-27,27.129999,27.25,26.65,27.4,74512400
2011-10-28,27.139999,26.98,26.790001,27.190001,57712100
2011-10-31,26.76,26.629999,26.620001,27,46799000
2011-11-01,26.190001,25.99,25.860001,26.32,61182600
2011-11-02,26.1,26.01,25.700001,26.200001,53533100
2011-11-03,26.24,26.530001,25.98,26.59,65836100
2011-11-04,26.379999,26.25,26,26.4,36549200
2011-11-07,26.209999,26.799999,26.129999,26.82,42589700
2011-11-08,27.01,27.16,26.690001,27.200001,47822500
2011-11-09,26.59,26.200001,26.059999,26.75,62950900
2011-11-10,26.469999,26.280001,26.120001,26.5,32514400
2011-11-11,26.58,26.91,26.57,27.08,37903000
2011-11-14,26.879999,26.76,26.65,27,34199200
2011-11-15,26.559999,26.74,26.4,26.940001,43874200
2011-11-16,26.469999,26.07,26.040001,26.51,53262800
2011-11-17,26.01,25.540001,25.440001,26.040001,70977500
2011-11-18,25.48,25.299999,25.15,25.5,47626200
2011-11-21,25.24,25,24.9,25.25,61882500
2011-11-22,24.889999,24.790001,24.65,24.959999,49204500
2011-11-23,24.610001,24.469999,24.469999,24.790001,49099700
2011-11-25,24.379999,24.299999,24.299999,24.67,26164600
2011-11-28,24.940001,24.870001,24.690001,24.969999,46766700
2011-11-29,24.82,24.84,24.75,25.040001,40917100
2011-11-30,25.370001,25.58,25.139999,25.59,81350900
2011-12-01,25.559999,25.280001,25.200001,25.629999,48545400
2011-12-02,25.59,25.219999,25.16,25.620001,52293800
2011-12-05,25.780001,25.700001,25.5,25.799999,56818400
2011-12-06,25.809999,25.66,25.610001,25.870001,46175300
2011-12-07,25.67,25.6,25.34,25.76,62667000
2011-12-08,25.48,25.4,25.370001,25.719999,60522200
2011-12-09,25.52,25.700001,25.5,25.870001,53788500
2011-12-12,25.41,25.51,25.290001,25.57,38945900
2011-12-13,25.75,25.76,25.65,26.1,54581100
2011-12-14,25.719999,25.59,25.57,25.860001,47926400
2011-12-15,25.719999,25.559999,25.540001,25.879999,46213900
2011-12-16,25.67,26,25.629999,26.17,101408100
2011-12-19,26.02,25.530001,25.459999,26.120001,52258300
2011-12-20,25.860001,26.030001,25.809999,26.1,60767600
2011-12-21,26.01,25.76,25.440001,26.190001,64132500
2011-12-22,25.82,25.809999,25.48,25.860001,35794100
2011-12-23,25.91,26.030001,25.73,26.040001,23205800
2011-12-27,25.959999,26.040001,25.93,26.139999,21287200
2011-12-28,26.110001,25.82,25.76,26.15,29822500
2011-12-29,25.950001,26.02,25.860001,26.049999,22616900
2011-12-30,26,25.959999,25.91,26.120001,27395700
2012-01-03,26.549999,26.77,26.389999,26.959999,64731500
2012-01-04,26.82,27.4,26.780001,27.469999,80516100
2012-01-05,27.379999,27.68,27.290001,27.73,56081400
2012-01-06,27.530001,28.110001,27.530001,28.190001,99455500
2012-01-09,28.049999,27.74,27.719999,28.1,59706800
2012-01-10,27.93,27.84,27.75,28.15,60014400
2012-01-11,27.43,27.719999,27.370001,27.98,65582400
2012-01-12,27.870001,28,27.65,28.02,49370800
2012-01-13,27.93,28.25,27.790001,28.25,60196100
2012-01-17,28.4,28.26,28.17,28.65,72395300
2012-01-18,28.309999,28.23,27.969999,28.4,64860600
2012-01-19,28.16,28.120001,28.030001,28.440001,74053500
2012-01-20,28.82,29.709999,28.75,29.74,165902900
2012-01-23,29.549999,29.73,29.35,29.950001,76078100
2012-01-24,29.469999,29.34,29.18,29.57,51703300
2012-01-25,29.07,29.559999,29.07,29.65,59231700
2012-01-26,29.610001,29.5,29.4,29.700001,49102800
2012-01-27,29.450001,29.23,29.17,29.530001,44187700
2012-01-30,28.969999,29.610001,28.83,29.620001,51114800
2012-01-31,29.66,29.530001,29.23,29.700001,50572400
2012-02-01,29.790001,29.889999,29.76,30.049999,67409900
2012-02-02,29.9,29.950001,29.709999,30.17,52223300
2012-02-03,30.139999,30.24,30.09,30.4,41838500
2012-02-06,30.040001,30.200001,29.969999,30.219999,28039700
2012-02-07,30.15,30.35,30.049999,30.49,39242400
2012-02-08,30.26,30.66,30.219999,30.67,49659100
2012-02-09,30.68,30.77,30.48,30.799999,50481600
2012-02-10,30.639999,30.5,30.360001,30.799999,44605300
2012-02-13,30.629999,30.58,30.43,30.77,33319800
2012-02-14,30.33,30.25,29.85,30.459999,59644000
2012-02-15,30.33,30.049999,30.030001,30.389999,43311300
2012-02-16,30.309999,31.290001,30.299999,31.549999,94705100
2012-02-17,31.200001,31.25,30.950001,31.32,70036500
2012-02-21,31.18,31.440001,31.15,31.610001,50829900
2012-02-22,31.450001,31.27,31.18,31.68,49253200
2012-02-23,31.200001,31.370001,31,31.59,35034700
2012-02-24,31.48,31.48,31.24,31.5,35575400
2012-02-27,31.24,31.35,31.1,31.5,34568400
2012-02-28,31.41,31.870001,31.379999,31.93,45230600
2012-02-29,31.889999,31.74,31.610001,32,59323600
2012-03-01,31.93,32.290001,31.85,32.389999,77344100
2012-03-02,32.310001,32.080002,32,32.439999,47314200
2012-03-05,32.009998,31.799999,31.620001,32.049999,45240000
2012-03-06,31.540001,31.559999,31.49,31.98,51932900
2012-03-07,31.67,31.84,31.530001,31.92,34340400
2012-03-08,32.040001,32.009998,31.9,32.209999,36747400
2012-03-09,32.099998,31.99,31.92,32.16,34628400
2012-03-12,31.969999,32.040001,31.82,32.200001,34073600
2012-03-13,32.240002,32.669998,32.150002,32.689999,48951700
2012-03-14,32.529999,32.77,32.490002,32.880001,41986900
2012-03-15,32.790001,32.849998,32.580002,32.939999,49068300
2012-03-16,32.91,32.599998,32.5,32.950001,65626400
2012-03-19,32.540001,32.200001,32.150002,32.610001,44789200
2012-03-20,32.099998,31.99,31.74,32.150002,41566800
2012-03-21,31.959999,31.91,31.82,32.150002,37928600
2012-03-22,31.809999,32,31.790001,32.09,31749500
2012-03-23,32.099998,32.009998,31.719999,32.110001,35912200
2012-03-26,32.189999,32.59,32.150002,32.610001,36758300
2012-03-27,32.650002,32.52,32.400002,32.700001,36274900
2012-03-28,32.52,32.189999,32.040001,32.700001,41344800
2012-03-29,32.060001,32.119999,31.809999,32.189999,37038500
2012-03-30,32.400002,32.259998,32.040001,32.41,31749400
2012-04-02,32.220001,32.290001,31.950001,32.459999,35853600
2012-04-03,32.16,31.940001,31.66,32.189999,42752100
2012-04-04,31.66,31.209999,31.049999,31.690001,49455900
2012-04-05,31.15,31.52,31.049999,31.629999,50368600
2012-04-09,31.219999,31.1,30.969999,31.4,31056400
2012-04-10,31.059999,30.469999,30.299999,31.190001,54131300
2012-04-11,30.43,30.35,30.23,30.530001,43014000
2012-04-12,30.48,30.98,30.42,31.040001,38304000
2012-04-13,30.889999,30.809999,30.719999,31.16,39749200
2012-04-16,30.99,31.08,30.77,31.190001,38124800
2012-04-17,31.27,31.440001,31.200001,31.610001,34361500
2012-04-18,31.280001,31.139999,31.040001,31.309999,40552900
2012-04-19,31.129999,31.01,30.940001,31.68,54781200
2012-04-20,32.150002,32.419998,32.049999,32.889999,106045000
2012-04-23,32.310001,32.119999,32.029999,32.5,61398200
2012-04-24,32.209999,31.92,31.83,32.52,40871100
2012-04-25,31.92,32.200001,31.870001,32.32,62495500
2012-04-26,32.119999,32.110001,31.92,32.23,40308100
2012-04-27,32.119999,31.98,31.879999,32.220001,41419100
2012-04-30,31.98,32.02,31.92,32.110001,35697200
2012-05-01,32.049999,32.009998,31.950001,32.34,43832300
2012-05-02,31.85,31.799999,31.639999,31.93,37385300
2012-05-03,31.879999,31.76,31.610001,31.9,31501300
2012-05-04,31.450001,30.98,30.92,31.57,57927200
2012-05-07,30.700001,30.65,30.57,30.860001,48641400
2012-05-08,30.48,30.5,30.17,30.780001,46328300
2012-05-09,30.190001,30.76,30.1,30.83,50309300
2012-05-10,30.860001,30.74,30.450001,31.02,43839200
2012-05-11,30.690001,31.16,30.690001,31.540001,43459300
2012-05-14,30.82,30.68,30.639999,31.040001,40528900
2012-05-15,30.639999,30.209999,30.15,30.799999,61822800
2012-05-16,30.309999,29.9,29.74,30.32,60083700
2012-05-17,29.99,29.719999,29.709999,30.209999,48484000
2012-05-18,29.790001,29.27,29.17,29.809999,56205300
2012-05-21,29.1,29.75,29.059999,29.790001,38787900
2012-05-22,29.690001,29.76,29.5,29.879999,39504900
2012-05-23,29.35,29.110001,28.639999,29.4,65171000
2012-05-24,29.16,29.07,28.76,29.299999,52575000
2012-05-25,29.200001,29.059999,29.01,29.360001,29507200
2012-05-29,29.379999,29.559999,29.219999,29.719999,37758800
2012-05-30,29.35,29.34,29.120001,29.48,41585500
2012-05-31,29.299999,29.190001,28.940001,29.42,39134000
2012-06-01,28.76,28.450001,28.440001,28.959999,56634300
2012-06-04,28.620001,28.549999,28.32,28.780001,47926300
2012-06-05,28.51,28.51,28.389999,28.75,45715400
2012-06-06,28.879999,29.35,28.809999,29.370001,46860500
2012-06-07,29.639999,29.23,29.17,29.700001,37792800
2012-06-08,29.209999,29.65,29.049999,29.68,42551100
2012-06-11,29.73,28.9,28.82,29.809999,46361900
2012-06-12,29.1,29.290001,28.84,29.299999,35337900
2012-06-13,29.219999,29.129999,29.049999,29.440001,32984600
2012-06-14,29.33,29.34,28.879999,29.459999,39458900
2012-06-15,29.59,30.02,29.49,30.08,62314400
2012-06-18,29.99,29.84,29.709999,30.030001,58679900
2012-06-19,30.190001,30.700001,30.049999,31.110001,75725800
2012-06-20,30.93,30.93,30.639999,31.049999,36257100
2012-06-21,30.959999,30.139999,30.059999,31.139999,48456600
2012-06-22,30.299999,30.700001,30.030001,30.73,45098100
2012-06-25,30.299999,29.870001,29.620001,30.32,42217200
2012-06-26,30,30.02,29.940001,30.27,38421300
2012-06-27,30.190001,30.17,30.030001,30.5,33781700
2012-06-28,29.98,29.91,29.42,30.049999,45328400
2012-06-29,30.450001,30.59,30.139999,30.690001,55227200
2012-07-02,30.620001,30.559999,30.209999,30.620001,30589100
2012-07-03,30.23,30.76,30.17,30.76,20938100
2012-07-05,30.59,30.700001,30.379999,30.780001,28801900
2012-07-06,30.610001,30.190001,29.950001,30.700001,38294800
2012-07-09,30.120001,30,29.780001,30.23,30680800
2012-07-10,30.08,29.74,29.51,30.219999,37534100
2012-07-11,29.709999,29.299999,29.110001,29.74,39184900
2012-07-12,29.15,28.629999,28.540001,29.18,63523600
2012-07-13,28.76,29.389999,28.719999,29.48,39085000
2012-07-16,29.48,29.440001,29.040001,29.530001,27900600
2012-07-17,29.639999,29.66,29.200001,29.860001,33771300
2012-07-18,29.6,30.450001,29.459999,30.450001,41090400
2012-07-19,30.51,30.67,30.379999,30.799999,46663200
2012-07-20,31,30.120001,30.049999,31.049999,64021700
2012-07-23,29.57,29.280001,29.01,29.58,55151900
2012-07-24,29.24,29.15,28.9,29.360001,47723300
2012-07-25,29.24,28.83,28.780001,29.33,45579500
2012-07-26,29.23,29.16,29.09,29.5,45301400
2012-07-27,29.48,29.76,29.18,29.85,44242600
2012-07-30,29.75,29.639999,29.459999,29.82,28905000
2012-07-31,29.48,29.469999,29.33,29.709999,37620900
2012-08-01,29.59,29.41,29.209999,29.65,31721800
2012-08-02,29.209999,29.190001,28.969999,29.530001,39520500
2012-08-03,29.530001,29.75,29.48,29.940001,35859400
2012-08-06,30,29.950001,29.809999,30.110001,27471800
2012-08-07,30.07,30.26,29.870001,30.35,28002900
2012-08-08,30.209999,30.33,30.110001,30.469999,26257600
2012-08-09,30.389999,30.5,30.299999,30.65,24920800
2012-08-10,30.5,30.42,30.25,30.620001,27810300
2012-08-13,30.35,30.389999,30.16,30.459999,23049100
2012-08-14,30.299999,30.129999,30.01,30.389999,34551400
2012-08-15,30.110001,30.200001,30.02,30.280001,24351000
2012-08-16,30.360001,30.780001,30.26,30.940001,35787200
2012-08-17,30.92,30.9,30.59,30.92,32589900
2012-08-20,30.82,30.74,30.58,30.85,23737700
2012-08-21,30.76,30.799999,30.610001,30.959999,28822700
2012-08-22,30.59,30.540001,30.469999,30.76,33437400
2012-08-23,30.389999,30.26,30.08,30.4,28355600
2012-08-24,30.25,30.559999,30.18,30.629999,22943300
2012-08-27,30.93,30.690001,30.59,30.959999,34691100
2012-08-28,30.700001,30.629999,30.52,30.799999,23947900
2012-08-29,30.65,30.65,30.440001,30.75,23346800
2012-08-30,30.530001,30.32,30.219999,30.610001,23982100
2012-08-31,30.6,30.82,30.379999,30.959999,36590100
2012-09-04,30.450001,30.389999,30.15,30.66,48556700
2012-09-05,30.219999,30.389999,30.209999,30.530001,33650000
2012-09-06,30.5,31.35,30.459999,31.360001,48371700
2012-09-07,31.040001,30.950001,30.73,31.07,42649100
2012-09-10,30.83,30.719999,30.51,30.9,40524000
2012-09-11,30.690001,30.790001,30.610001,30.91,25191800
2012-09-12,30.940001,30.780001,30.73,31.18,32775800
2012-09-13,30.889999,30.940001,30.4,31.18,45047300
2012-09-14,31.01,31.209999,30.809999,31.25,51422800
2012-09-17,31.190001,31.209999,31.040001,31.26,36488500
2012-09-18,31.1,31.18,31.030001,31.209999,34542700
2012-09-19,31.09,31.049999,31.040001,31.190001,48871900
2012-09-20,30.950001,31.450001,30.91,31.48,45543000
2012-09-21,31.43,31.190001,31.09,31.610001,102348900
2012-09-24,31,30.780001,30.639999,31.07,46825900
2012-09-25,30.950001,30.389999,30.360001,31,54266400
2012-09-26,30.280001,30.17,30.040001,30.6,54672000
2012-09-27,30.17,30.16,29.889999,30.4,47129900
2012-09-28,30.18,29.76,29.74,30.26,54229300
2012-10-01,29.809999,29.49,29.42,29.98,54042700
2012-10-02,29.68,29.66,29.5,29.889999,43338900
2012-10-03,29.75,29.860001,29.67,29.99,46655900
2012-10-04,29.969999,30.030001,29.57,30.030001,43634900
2012-10-05,30.23,29.85,29.74,30.25,41133900
2012-10-08,29.639999,29.780001,29.549999,29.92,29752000
2012-10-09,29.68,29.280001,29.18,29.74,45121100
2012-10-10,29.15,28.98,28.950001,29.309999,47227100
2012-10-11,29.219999,28.950001,28.870001,29.25,41488500
2012-10-12,28.969999,29.200001,28.799999,29.32,46464700
2012-10-15,29.370001,29.51,29.25,29.719999,42440200
2012-10-16,29.450001,29.49,29.32,29.74,47739400
2012-10-17,29.299999,29.59,29.09,29.639999,44206100
2012-10-18,29.65,29.5,29.26,29.73,59238500
2012-10-19,29.049999,28.639999,28.5,29.08,90470800
2012-10-22,28.73,28,27.83,28.83,83374000
2012-10-23,27.77,28.049999,27.76,28.200001,64414800
2012-10-24,28.16,27.9,27.870001,28.200001,53320400
2012-10-25,28.190001,27.879999,27.860001,28.200001,54084300
2012-10-26,27.860001,28.209999,27.84,28.34,57790000
2012-10-31,28.549999,28.540001,28.5,28.879999,69464100
2012-11-01,28.84,29.52,28.82,29.559999,72047900
2012-11-02,29.59,29.5,29.33,29.77,57131600
2012-11-05,29.620001,29.629999,29.33,29.74,38070800
2012-11-06,29.82,29.860001,29.610001,30.200001,43401500
2012-11-07,29.530001,29.08,29.049999,29.83,57871800
2012-11-08,29.120001,28.809999,28.799999,29.370001,49841800
2012-11-09,28.879999,28.83,28.809999,29.190001,43291200
2012-11-12,28.940001,28.219999,28.209999,29.01,61112300
2012-11-13,27.02,27.09,26.75,27.299999,131689200
2012-11-14,27.24,26.84,26.799999,27.290001,76086100
2012-11-15,26.879999,26.66,26.629999,26.969999,50955600
2012-11-16,26.67,26.52,26.34,26.700001,64083300
2012-11-19,26.799999,26.73,26.469999,26.799999,57179300
2012-11-20,26.76,26.709999,26.459999,26.799999,47070400
2012-11-21,26.709999,26.950001,26.67,27.17,66360300
2012-11-23,27.23,27.700001,27.200001,27.77,57845700
2012-11-26,27.540001,27.389999,27.17,27.58,85198700
2012-11-27,27.360001,27.08,27.040001,27.379999,45018600
2012-11-28,27.01,27.360001,26.77,27.389999,53018400
2012-11-29,27.110001,26.950001,26.860001,27.360001,69551400
2012-11-30,27.049999,26.620001,26.49,27.129999,83690200
2012-12-03,26.780001,26.43,26.4,26.82,53173800
2012-12-04,26.5,26.370001,26.34,26.629999,49777500
2012-12-05,26.379999,26.67,26.26,26.93,68283800
2012-12-06,26.809999,26.73,26.610001,26.98,39182300
2012-12-07,26.82,26.459999,26.370001,26.82,46162100
2012-12-10,26.559999,26.940001,26.52,26.969999,47031100
2012-12-11,27.049999,27.32,27.049999,27.49,52282800
2012-12-12,27.530001,27.24,27.08,27.620001,43966300
2012-12-13,27.32,27.110001,26.950001,27.52,45080100
2012-12-14,27.110001,26.809999,26.700001,27.129999,42077500
2012-12-17,26.790001,27.1,26.68,27.219999,42046100
2012-12-18,27.25,27.559999,27.139999,27.629999,50486900
2012-12-19,27.690001,27.309999,27.25,27.73,53519900
2012-12-20,27.360001,27.68,27.15,27.68,52607300
2012-12-21,27.450001,27.450001,27,27.49,98776500
2012-12-24,27.200001,27.059999,27,27.25,20842400
2012-12-26,27.030001,26.860001,26.700001,27.200001,31631100
2012-12-27,26.889999,26.959999,26.57,27.09,39394000
2012-12-28,26.709999,26.549999,26.549999,26.9,28239900
2012-12-31,26.59,26.709999,26.370001,26.77,42749500
2013-01-02,27.25,27.620001,27.15,27.73,52899300
2013-01-03,27.629999,27.25,27.16,27.65,48294400
2013-01-04,27.27,26.74,26.73,27.34,52521100
2013-01-07,26.77,26.690001,26.639999,26.879999,37110400
2013-01-08,26.75,26.549999,26.459999,26.790001,44703100
2013-01-09,26.719999,26.700001,26.559999,26.75,49047900
2013-01-10,26.65,26.459999,26.290001,26.98,71431300
2013-01-11,26.49,26.83,26.280001,26.93,55512100
2013-01-14,26.9,26.889999,26.76,27.08,48324400
2013-01-15,26.83,27.209999,26.83,27.290001,48244500
2013-01-16,27.15,27.040001,27.01,27.23,41077400
2013-01-17,27.190001,27.25,27.059999,27.469999,51685900
2013-01-18,27.1,27.25,27.040001,27.290001,52167700
2013-01-22,27.299999,27.15,27,27.450001,58650600
2013-01-23,27.200001,27.610001,27.200001,27.639999,50387700
2013-01-24,27.700001,27.629999,27.469999,28.07,101739300
2013-01-25,27.58,27.879999,27.389999,28.23,81847700
2013-01-28,28.01,27.91,27.76,28.23,56056500
2013-01-29,27.82,28.01,27.6,28.129999,49242600
2013-01-30,28.01,27.85,27.76,28.190001,43580500
2013-01-31,27.790001,27.450001,27.4,27.969999,50530000
2013-02-01,27.67,27.93,27.549999,28.049999,55565900
2013-02-04,27.870001,27.440001,27.42,28.02,50540000
2013-02-05,27.620001,27.5,27.360001,27.66,35410400
2013-02-06,27.379999,27.34,27.25,27.540001,41889600
2013-02-07,27.35,27.280001,27.1,27.389999,38028300
2013-02-08,27.35,27.549999,27.309999,27.709999,33318500
2013-02-11,27.65,27.860001,27.5,27.92,32247700
2013-02-12,27.879999,27.879999,27.75,28,35990900
2013-02-13,27.93,28.030001,27.879999,28.110001,41715600
2013-02-14,27.92,28.040001,27.870001,28.059999,32663200
2013-02-15,28.040001,28.01,27.879999,28.16,49650900
2013-02-19,27.879999,28.049999,27.799999,28.09,38781400
2013-02-20,28.129999,27.870001,27.83,28.200001,44110200
2013-02-21,27.74,27.49,27.23,27.74,49078500
2013-02-22,27.68,27.76,27.48,27.76,31425900
2013-02-25,27.969999,27.370001,27.370001,28.049999,48011800
2013-02-26,27.379999,27.370001,27.34,27.6,49923300
2013-02-27,27.42,27.809999,27.33,28,36394700
2013-02-28,27.879999,27.799999,27.74,27.969999,35840200
2013-03-01,27.719999,27.950001,27.52,27.98,34849700
2013-03-04,27.85,28.15,27.700001,28.15,38157500
2013-03-05,28.290001,28.35,28.16,28.540001,41432200
2013-03-06,28.209999,28.09,27.780001,28.23,51448500
2013-03-07,28.110001,28.139999,28.01,28.280001,29196700
2013-03-08,28.25,28,27.959999,28.33,37667800
2013-03-11,27.940001,27.870001,27.67,27.969999,36627500
2013-03-12,27.84,27.91,27.639999,27.950001,39255200
2013-03-13,27.870001,27.92,27.75,28.02,29093400
2013-03-14,28,28.139999,27.93,28.16,55914800
2013-03-15,28.030001,28.040001,27.98,28.16,92710300
2013-03-18,27.879999,28.1,27.809999,28.280001,44809400
2013-03-19,28.120001,28.18,28.030001,28.219999,51901600
2013-03-20,28.34,28.32,28.18,28.49,35447800
2013-03-21,28.110001,28.110001,28.049999,28.360001,34233200
2013-03-22,28.190001,28.25,28.1,28.34,28720900
2013-03-25,28.299999,28.16,27.959999,28.35,44154000
2013-03-26,28.24,28.16,28.110001,28.34,27824300
2013-03-27,28.139999,28.370001,28.08,28.450001,36047400
2013-03-28,28.32,28.610001,28.26,28.66,55453800
2013-04-01,28.639999,28.610001,28.360001,28.66,29201100
2013-04-02,28.59,28.799999,28.52,28.85,28456500
2013-04-03,28.75,28.559999,28.540001,28.950001,35062800
2013-04-04,28.389999,28.6,28.27,28.610001,45263200
2013-04-05,28.219999,28.700001,28.110001,28.780001,50927300
2013-04-08,28.73,28.59,28.469999,28.73,34759500
2013-04-09,28.73,29.610001,28.68,29.82,77733800
2013-04-10,29.57,30.280001,29.52,30.32,71116700
2013-04-11,29.1,28.940001,28.73,29.200001,130923200
2013-04-12,28.85,28.790001,28.66,29.02,62886300
2013-04-15,28.65,28.690001,28.51,28.98,56332900
2013-04-16,28.9,28.969999,28.700001,29.139999,52797300
2013-04-17,28.85,28.83,28.6,29.040001,52840700
2013-04-18,28.950001,28.790001,28.5,28.98,56906600
2013-04-19,29.620001,29.77,29.610001,30.24,99790700
2013-04-22,30.299999,30.83,30.27,31.18,137904000
2013-04-23,30.700001,30.6,30.379999,30.9,59126900
2013-04-24,30.620001,31.76,30.6,31.92,90946600
2013-04-25,31.709999,31.940001,31.540001,32.84,110700200
2013-04-26,31.9,31.790001,31.450001,31.98,47799300
2013-04-29,31.799999,32.610001,31.77,32.68,59116400
2013-04-30,32.560001,33.099998,32.279999,33.110001,75165200
2013-05-01,32.93,32.720001,32.599998,33.080002,54330900
2013-05-02,32.630001,33.16,32.389999,33.169998,46059500
2013-05-03,33.23,33.490002,33.080002,33.52,46784600
2013-05-06,33.419998,33.75,33.25,33.91,40978300
2013-05-07,33.650002,33.310001,33.240002,33.790001,43078300
2013-05-08,33.07,32.990002,32.650002,33.240002,51595700
2013-05-09,32.849998,32.66,32.59,33,46417800
2013-05-10,32.669998,32.689999,32.32,32.720001,36394900
2013-05-13,32.610001,33.029999,32.549999,33.07,36027600
2013-05-14,32.860001,33.529999,32.799999,33.529999,56870100
2013-05-15,33.450001,33.849998,33.43,33.900002,46303900
2013-05-16,33.639999,34.080002,33.549999,34.150002,59382900
2013-05-17,34.130001,34.869999,34.099998,34.869999,60666700
2013-05-20,34.73,35.080002,34.68,35.099998,54020800
2013-05-21,35.099998,34.849998,34.720001,35.27,48702400
2013-05-22,34.790001,34.610001,34.360001,34.84,66047500
2013-05-23,34.23,34.150002,33.900002,34.549999,51102700
2013-05-24,33.919998,34.27,33.900002,34.279999,33174400
2013-05-28,34.419998,35.02,34.41,35.18,48212100
2013-05-29,34.740002,34.880001,34.57,35.02,38412200
2013-05-30,34.849998,35.029999,34.810001,35.25,51131000
2013-05-31,34.82,34.900002,34.790001,35.279999,56165700
2013-06-03,34.919998,35.59,34.830002,35.630001,51252600
2013-06-04,35.619999,34.990002,34.77,35.740002,65529500
2013-06-05,34.599998,34.779999,34.43,34.889999,46025100
2013-06-06,34.84,34.959999,34.490002,35.110001,37618500
2013-06-07,35.25,35.669998,35.060001,35.779999,40757300
2013-06-10,35.509998,35.470001,35.139999,35.650002,35994500
2013-06-11,35.049999,34.84,34.68,35.18,39435900
2013-06-12,35.139999,35,34.849998,35.27,37372700
2013-06-13,34.990002,34.720001,34.59,35.02,45654900
2013-06-14,34.549999,34.400002,34.25,34.689999,53192600
2013-06-17,34.689999,35,34.630001,35.16,49670100
2013-06-18,34.970001,34.98,34.900002,35.169998,28616500
2013-06-19,34.959999,34.59,34.59,35.09,30816200
2013-06-20,34.259998,33.490002,33.369999,34.330002,54493700
2013-06-21,33.66,33.27,33.049999,33.73,85338500
2013-06-24,32.939999,33.720001,32.57,34.200001,56109000
2013-06-25,34.080002,33.669998,33.459999,34.380001,44073400
2013-06-26,34.119999,34.349998,33.889999,34.48,48665900
2013-06-27,34.52,34.619999,34.5,34.779999,28993100
2013-06-28,34.380001,34.540001,34.34,34.790001,65545500
2013-07-01,34.75,34.360001,34.330002,34.990002,31055400
2013-07-02,34.41,33.939999,33.630001,34.439999,37630000
2013-07-03,33.66,34.009998,33.599998,34.369999,15994400
2013-07-05,34.09,34.209999,33.580002,34.240002,26085900
2013-07-08,34.349998,34.330002,33.98,34.59,32396900
2013-07-09,34.580002,34.349998,34.139999,34.599998,25318500
2013-07-10,34.34,34.700001,34.32,34.810001,29658800
2013-07-11,35,35.689999,34.900002,35.77,53638300
2013-07-12,35.580002,35.669998,35.279999,35.73,35501200
2013-07-15,35.66,36.169998,35.580002,36.220001,34142600
2013-07-16,36.009998,36.27,35.959999,36.43,36378500
2013-07-17,36.34,35.740002,35.490002,36.389999,37285100
2013-07-18,35.720001,35.439999,35.220001,35.889999,49547100
2013-07-19,32.400002,31.4,31.02,32.669998,248428500
2013-07-22,31.700001,32.009998,31.6,32.009998,79040700
2013-07-23,31.91,31.82,31.709999,32.040001,65810400
2013-07-24,32.040001,31.959999,31.889999,32.189999,52803100
2013-07-25,31.620001,31.389999,31.25,31.65,63213000
2013-07-26,31.26,31.620001,31.209999,31.620001,38633600
2013-07-29,31.469999,31.540001,31.4,31.6,28870700
2013-07-30,31.780001,31.85,31.549999,32.119999,45799500
2013-07-31,31.969999,31.84,31.709999,32.049999,43898400
2013-08-01,32.060001,31.67,31.6,32.09,42557900
2013-08-02,31.690001,31.889999,31.57,31.9,29199900
2013-08-05,31.9,31.700001,31.639999,32,30984000
2013-08-06,31.549999,31.58,31.379999,31.67,36331500
2013-08-07,31.540001,32.060001,31.25,32.099998,38078600
2013-08-08,32.240002,32.889999,32.049999,33.07,59034400
2013-08-09,32.77,32.700001,32.470001,32.900002,26800700
2013-08-12,32.459999,32.869999,32.459999,32.970001,25493700
2013-08-13,32.509998,32.23,32.209999,32.549999,39464100
2013-08-14,32.139999,32.349998,31.700001,33.360001,48519600
2013-08-15,32,31.790001,30.84,32.18,33338000
2013-08-16,31.790001,31.799999,31.66,31.99,32866300
2013-08-19,31.76,31.389999,31.379999,31.969999,27902500
2013-08-20,31.440001,31.620001,31.370001,31.9,22979600
2013-08-21,31.610001,31.610001,31.540001,32.009998,37409100
2013-08-22,32.189999,32.389999,32.099998,32.490002,31169900
2013-08-23,35.169998,34.75,34,35.200001,225493800
2013-08-26,34.400002,34.150002,34.029999,34.669998,72786800
2013-08-27,33.52,33.259998,33.150002,34.099998,58522300
2013-08-28,33.389999,33.02,33,33.599998,44257400
2013-08-29,32.93,33.549999,32.799999,33.599998,45284700
2013-08-30,33.369999,33.400002,33.09,33.48,42790200
2013-09-03,31.75,31.879999,31.290001,32.07,154507000
2013-09-04,31.389999,31.200001,31.110001,31.469999,142320600
2013-09-05,31.1,31.23,30.950001,31.440001,71644900
2013-09-06,31.309999,31.15,31.129999,31.389999,75434900
2013-09-09,31.219999,31.66,31.200001,31.790001,49628500
2013-09-10,31.9,32.389999,31.790001,32.400002,56881200
2013-09-11,32.57,32.740002,32.529999,32.93,39087500
2013-09-12,32.720001,32.689999,32.59,32.779999,32860200
2013-09-13,32.77,33.029999,32.509998,33.07,40899000
2013-09-16,33.380001,32.799999,32.73,33.5,52839700
2013-09-17,33.419998,32.93,32.900002,33.470001,84716500
2013-09-18,32.990002,33.32,32.830002,33.400002,64099900
2013-09-19,33.48,33.639999,33.32,33.68,42026600
2013-09-20,33.41,32.790001,32.689999,33.48,102904900
2013-09-23,32.540001,32.740002,32.5,32.970001,39826100
2013-09-24,32.869999,32.450001,32.150002,32.869999,40685000
2013-09-25,32.490002,32.509998,32.400002,32.799999,28907500
2013-09-26,32.639999,32.77,32.59,33,28504000
2013-09-27,32.880001,33.27,32.869999,33.75,55348000
2013-09-30,33,33.279999,32.700001,33.310001,39839500
2013-10-01,33.349998,33.580002,33.299999,33.610001,36718700
2013-10-02,33.360001,33.919998,33.290001,34.029999,46946800
2013-10-03,33.880001,33.860001,33.419998,34,38703800
2013-10-04,33.689999,33.880001,33.619999,33.990002,33008100
2013-10-07,33.599998,33.299999,33.200001,33.709999,35069300
2013-10-08,33.310001,33.009998,32.799999,33.330002,41017600
2013-10-09,33.07,33.07,32.959999,33.349998,35878600
2013-10-10,33.310001,33.759998,33.259998,33.889999,42875100
2013-10-11,33.68,34.130001,33.68,34.139999,30033300
2013-10-14,33.900002,34.450001,33.779999,34.5,27757900
2013-10-15,34.669998,34.490002,34.470001,34.990002,47097800
2013-10-16,34.599998,34.639999,34.560001,34.900002,35111600
2013-10-17,34.450001,34.919998,34.369999,34.990002,31359200
2013-10-18,34.82,34.959999,34.330002,34.990002,41811700
2013-10-21,34.98,34.990002,34.91,35.200001,27433500
2013-10-22,35.02,34.580002,34.52,35.099998,40438500
2013-10-23,34.349998,33.759998,33.669998,34.490002,58600500
2013-10-24,33.82,33.720001,33.57,34.099998,53209700
2013-10-25,35.880001,35.73,35.470001,36.290001,113494000
2013-10-28,35.610001,35.57,35.27,35.73,38383600
2013-10-29,35.630001,35.52,35.259998,35.720001,31702200
2013-10-30,35.529999,35.540001,35.43,35.790001,36997700
2013-10-31,35.66,35.41,35.34,35.689999,41682300
2013-11-01,35.669998,35.529999,35.389999,35.689999,40264600
2013-11-04,35.59,35.939999,35.549999,35.98,28060700
2013-11-05,35.790001,36.639999,35.77,36.709999,51681900
2013-11-06,37.240002,38.18,37.060001,38.220001,88948800
2013-11-07,37.959999,37.5,37.43,38.009998,60437400
2013-11-08,37.669998,37.779999,37.34,37.779999,36737800
2013-11-11,37.689999,37.59,37.349998,37.779999,26872500
2013-11-12,37.380001,37.360001,37.200001,37.599998,31651600
2013-11-13,36.98,38.16,36.900002,38.16,44957600
2013-11-14,37.869999,38.02,37.720001,38.130001,46183700
2013-11-15,37.950001,37.84,37.720001,38.02,50601300
2013-11-18,37.349998,37.200001,37.07,37.580002,53277500
2013-11-19,36.849998,36.740002,36.669998,37.23,44275000
2013-11-20,36.919998,37.080002,36.860001,37.41,32229900
2013-11-21,37.27,37.400002,37.259998,37.529999,23064700
2013-11-22,37.529999,37.57,37.330002,37.68,27982000
2013-11-25,37.93,37.639999,37.57,37.950001,30646800
2013-11-26,37.57,37.349998,37.349998,37.650002,34465300
2013-11-27,37.57,37.599998,37.490002,37.759998,26002100
2013-11-29,37.82,38.130001,37.82,38.290001,22090400
2013-12-02,38.09,38.450001,38.060001,38.779999,42950400
2013-12-03,38.139999,38.310001,38.080002,38.490002,52109800
2013-12-04,38.209999,38.939999,38.119999,38.98,51983600
2013-12-05,38.849998,38,37.18,38.880001,116305000
2013-12-06,38.419998,38.360001,37.990002,38.549999,36457300
2013-12-09,38.560001,38.709999,38.369999,38.869999,30286000
2013-12-10,38.610001,38.110001,38.02,38.900002,37828600
2013-12-11,38.060001,37.610001,37.389999,38.299999,39853400
2013-12-12,37.639999,37.220001,37.18,37.639999,36012800
2013-12-13,37.419998,36.689999,36.619999,37.450001,40066100
2013-12-16,36.73,36.889999,36.540001,37,31734200
2013-12-17,36.939999,36.52,36.330002,37.110001,45687700
2013-12-18,36.360001,36.580002,35.529999,36.599998,63192100
2013-12-19,36.509998,36.25,36.080002,36.549999,34160100
2013-12-20,36.200001,36.799999,36.189999,36.93,62649100
2013-12-23,36.810001,36.619999,36.549999,36.889999,25128700
2013-12-24,36.720001,37.080002,36.639999,37.169998,14243000
2013-12-26,37.200001,37.439999,37.169998,37.490002,17612800
2013-12-27,37.580002,37.290001,37.169998,37.619999,14563000
2013-12-30,37.220001,37.290001,36.900002,37.380001,16290500
2013-12-31,37.400002,37.41,37.220001,37.580002,17503500
2014-01-02,37.349998,37.16,37.099998,37.400002,30632200
2014-01-03,37.200001,36.91,36.599998,37.220001,31134800
2014-01-06,36.849998,36.130001,36.110001,36.889999,43603700
2014-01-07,36.330002,36.41,36.209999,36.490002,35802800
2014-01-08,36,35.759998,35.580002,36.139999,59971700
2014-01-09,35.880001,35.529999,35.400002,35.91,36516300
2014-01-10,35.900002,36.040001,35.75,36.150002,40548800
2014-01-13,35.990002,34.98,34.830002,36.02,45901900
2014-01-14,34.73,35.779999,34.630001,35.880001,41623300
2014-01-15,35.900002,36.759998,35.849998,36.790001,44812600
2014-01-16,36.689999,36.889999,36.310001,37,38018700
2014-01-17,36.830002,36.380001,36.150002,36.830002,46267500
2014-01-21,36.82,36.169998,36.060001,36.82,31567300
2014-01-22,36.259998,35.93,35.75,36.32,21904300
2014-01-23,36.09,36.060001,35.52,36.130001,43954000
2014-01-24,37.450001,36.810001,36.529999,37.549999,76395500
2014-01-27,36.869999,36.029999,35.98,36.889999,44420800
2014-01-28,36.119999,36.27,35.75,36.389999,36205500
2014-01-29,35.98,36.66,35.900002,36.880001,52745900
2014-01-30,36.790001,36.860001,36.23,36.880001,35036300
2014-01-31,36.950001,37.84,36.560001,37.889999,93162300
2014-02-03,37.740002,36.48,36.43,37.990002,64063100
2014-02-04,36.970001,36.349998,36.25,37.189999,54697900
2014-02-05,36.290001,35.82,35.799999,36.470001,55814400
2014-02-06,35.799999,36.18,35.689999,36.25,35351800
2014-02-07,36.32,36.560001,36.009998,36.59,33260500
2014-02-10,36.630001,36.799999,36.290001,36.799999,26767000
2014-02-11,36.880001,37.169998,36.860001,37.259998,32141400
2014-02-12,37.349998,37.470001,37.299999,37.599998,27051800
2014-02-13,37.330002,37.610001,37.330002,37.860001,37635500
2014-02-14,37.389999,37.619999,37.330002,37.779999,31407500
2014-02-18,37.630001,37.419998,37.41,37.779999,32834000
2014-02-19,37.220001,37.509998,37.209999,37.75,29750400
2014-02-20,37.57,37.75,37.400002,37.869999,27526100
2014-02-21,37.939999,37.98,37.860001,38.349998,38021300
2014-02-24,37.689999,37.689999,37.540001,37.98,32085100
2014-02-25,37.610001,37.540001,37.349998,37.849998,30736500
2014-02-26,37.580002,37.470001,37.189999,37.740002,41041800
2014-02-27,37.450001,37.860001,37.23,37.889999,33903400
2014-02-28,37.98,38.310001,37.82,38.459999,41215000
2014-03-03,37.919998,37.779999,37.490002,38.130001,29717500
2014-03-04,38.200001,38.41,38.07,38.48,26802400
2014-03-05,38.25,38.110001,37.93,38.27,20520100
2014-03-06,38.139999,38.150002,37.889999,38.240002,23582200
2014-03-07,38.279999,37.900002,37.689999,38.360001,26591600
2014-03-10,37.990002,37.82,37.720001,38.009998,19006600
2014-03-11,37.869999,38.02,37.720001,38.23,25216400
2014-03-12,37.799999,38.27,37.790001,38.43,30494100
2014-03-13,38.419998,37.889999,37.639999,38.450001,32169700
2014-03-14,37.650002,37.700001,37.509998,38.139999,27195600
2014-03-17,37.900002,38.049999,37.790001,38.41,20479600
2014-03-18,38.259998,39.549999,38.220001,39.900002,64063900
2014-03-19,39.470001,39.27,38.91,39.549999,35597200
2014-03-20,39.25,40.330002,39.240002,40.650002,59269800
2014-03-21,40.720001,40.16,40.009998,40.939999,80721800
2014-03-24,40.34,40.5,39.860001,40.639999,46098400
2014-03-25,40.66,40.34,39.959999,40.990002,43193100
2014-03-26,40.48,39.790001,39.599998,40.709999,41977500
2014-03-27,39.740002,39.360001,39.34,39.970001,35369200
2014-03-28,39.790001,40.299999,39.68,40.639999,43472700
2014-03-31,40.43,40.990002,40.400002,41.5,46886300
2014-04-01,41.150002,41.419998,41.07,41.59,32605000
2014-04-02,41.439999,41.349998,41.169998,41.66,28666700
2014-04-03,41.290001,41.009998,40.709999,41.290001,30139600
2014-04-04,41.25,39.869999,39.639999,41.389999,51409600
2014-04-07,39.959999,39.799999,39.740002,40.27,37559600
2014-04-08,39.75,39.82,39.200001,39.93,35918600
2014-04-09,39.93,40.470001,39.880001,40.549999,27398700
2014-04-10,40.439999,39.360001,39.09,40.689999,45960800
2014-04-11,39,39.209999,39,39.790001,34330200
2014-04-14,39.110001,39.18,38.900002,39.41,32006600
2014-04-15,39.34,39.75,39.049999,39.959999,33968700
2014-04-16,40.060001,40.400002,39.91,40.419998,30615800
2014-04-17,40.009998,40.009998,39.509998,40.200001,36688400
2014-04-21,40.130001,39.939999,39.790001,40.150002,22221200
2014-04-22,39.959999,39.990002,39.830002,40.139999,27056700
2014-04-23,39.990002,39.689999,39.470001,39.990002,24602800
2014-04-24,39.740002,39.860001,39.299999,39.970001,42381600
2014-04-25,40.290001,39.91,39.75,40.68,56876800
2014-04-28,40.139999,40.869999,40.09,41.290001,50610200
2014-04-29,41.099998,40.509998,40.389999,41.189999,29636200
2014-04-30,40.400002,40.400002,40.169998,40.5,35458700
2014-05-01,40.240002,40,39.950001,40.360001,28787400
2014-05-02,40.310001,39.689999,39.66,40.34,43416600
2014-05-05,39.52,39.43,39.299999,39.639999,22460900
2014-05-06,39.290001,39.060001,38.950001,39.349998,27112400
2014-05-07,39.220001,39.419998,38.509998,39.509998,41744500
2014-05-08,39.34,39.639999,38.970001,39.900002,32120400
2014-05-09,39.540001,39.540001,39.369999,39.849998,29647600
2014-05-12,39.740002,39.970001,39.650002,40.02,22782600
2014-05-13,39.919998,40.419998,39.849998,40.5,27004800
2014-05-14,40.299999,40.240002,40.049999,40.450001,18818700
2014-05-15,40.09,39.599998,39.509998,40.400002,37793200
2014-05-16,39.669998,39.830002,39.27,39.84,29867100
2014-05-19,39.610001,39.75,39.459999,39.82,24537400
2014-05-20,39.68,39.68,39.459999,39.939999,21320900
2014-05-21,39.799999,40.349998,39.740002,40.349998,22398700
2014-05-22,40.290001,40.099998,39.849998,40.349998,20201800
2014-05-23,40.369999,40.119999,40,40.369999,18020000
2014-05-27,40.259998,40.189999,39.810001,40.259998,26160600
2014-05-28,40.139999,40.009998,39.82,40.189999,25711500
2014-05-29,40.150002,40.34,39.91,40.349998,19888200
2014-05-30,40.450001,40.939999,40.25,40.970001,34567600
2014-06-02,40.950001,40.790001,40.68,41.09,18504300
2014-06-03,40.599998,40.290001,40.25,40.68,18068900
2014-06-04,40.209999,40.32,39.860001,40.369999,23209000
2014-06-05,40.59,41.209999,40.400002,41.25,31865200
2014-06-06,41.48,41.48,41.240002,41.66,24060500
2014-06-09,41.389999,41.27,41.02,41.48,15019200
2014-06-10,41.029999,41.110001,40.860001,41.16,15117700
2014-06-11,40.93,40.860001,40.77,41.07,18040000
2014-06-12,40.810001,40.580002,40.290001,40.880001,29818900
2014-06-13,41.099998,41.23,40.860001,41.57,26310000
2014-06-16,41.040001,41.5,41.040001,41.610001,24205300
2014-06-17,41.290001,41.68,40.34,41.91,22518600
2014-06-18,41.610001,41.650002,41.18,41.740002,27097000
2014-06-19,41.57,41.509998,41.330002,41.77,19828200
2014-06-20,41.450001,41.68,41.380001,41.830002,47764900
2014-06-23,41.73,41.990002,41.689999,42,18743900
2014-06-24,41.830002,41.75,41.560001,41.939999,26509100
2014-06-25,41.700001,42.029999,41.459999,42.049999,20049100
2014-06-26,41.93,41.720001,41.43,41.939999,23604400
2014-06-27,41.610001,42.25,41.509998,42.290001,74640000
2014-06-30,42.169998,41.700001,41.700001,42.209999,30793100
2014-07-01,41.860001,41.869999,41.689999,42.150002,26917000
2014-07-02,41.73,41.900002,41.529999,41.900002,20208100
2014-07-03,41.91,41.799999,41.560001,41.990002,15969300
2014-07-07,41.75,41.990002,41.709999,42.119999,21952400
2014-07-08,41.869999,41.779999,41.610001,42,31218200
2014-07-09,41.98,41.669998,41.529999,41.990002,18445900
2014-07-10,41.369999,41.689999,41.049999,42,21854700
2014-07-11,41.700001,42.09,41.48,42.09,24083000
2014-07-14,42.220001,42.139999,42.040001,42.450001,21881100
2014-07-15,42.330002,42.450001,42.029999,42.470001,28748700
2014-07-16,42.509998,44.080002,42.48,44.310001,63318000
2014-07-17,45.450001,44.529999,44.25,45.709999,82180300
2014-07-18,44.650002,44.689999,44.25,44.84,43407500
2014-07-21,44.560001,44.84,44.220001,45.16,37604400
2014-07-22,45,44.830002,44.59,45.150002,43095800
2014-07-23,45.450001,44.869999,44.619999,45.450001,52362900
2014-07-24,44.93,44.400002,44.32,45,30725300
2014-07-25,44.299999,44.5,44.299999,44.66,26737700
2014-07-28,44.360001,43.970001,43.93,44.509998,29684200
2014-07-29,43.91,43.889999,43.639999,44.09,27763100
2014-07-30,44.07,43.580002,43.290001,44.099998,31921400
2014-07-31,43.380001,43.16,43.080002,43.689999,31537500
2014-08-01,43.209999,42.860001,42.599998,43.25,31170300
2014-08-04,42.970001,43.369999,42.810001,43.470001,34277400
2014-08-05,43.310001,43.080002,42.830002,43.459999,26266400
2014-08-06,42.740002,42.740002,42.209999,43.169998,24634000
2014-08-07,42.84,43.23,42.650002,43.450001,30314900
2014-08-08,43.23,43.200001,42.91,43.32,28942700
2014-08-11,43.259998,43.200001,43.02,43.450001,20351600
2014-08-12,43.040001,43.52,43,43.59,21431100
2014-08-13,43.68,44.080002,43.52,44.18,22889500
2014-08-14,44.080002,44.27,44.009998,44.419998,19313200
2014-08-15,44.580002,44.790001,44.400002,44.900002,41611300
2014-08-18,44.939999,45.110001,44.68,45.110001,26891100
2014-08-19,44.970001,45.330002,44.830002,45.34,28139500
2014-08-20,45.34,44.950001,44.900002,45.400002,24770500
2014-08-21,44.84,45.220001,44.830002,45.25,22285500
2014-08-22,45.349998,45.150002,45.07,45.470001,18294500
2014-08-25,45.400002,45.169998,45.040001,45.439999,16910000
2014-08-26,45.310001,45.009998,44.939999,45.400002,14873100
2014-08-27,44.900002,44.869999,44.759998,45,21287900
2014-08-28,44.75,44.880001,44.610001,44.98,17657600
2014-08-29,45.09,45.43,44.860001,45.439999,21607600
2014-09-02,45.43,45.09,44.849998,45.459999,22976800
2014-09-03,44.529999,44.959999,44.529999,45.110001,33684500
2014-09-04,44.740002,45.259998,44.720001,45.27,26475500
2014-09-05,45.110001,45.91,45.110001,45.93,36939400
2014-09-08,46.02,46.470001,45.990002,46.799999,45736700
2014-09-09,46.470001,46.759998,46.419998,46.970001,40302400
2014-09-10,46.82,46.84,46.279999,46.939999,27302400
2014-09-11,46.740002,47,46.470001,47,29216400
2014-09-12,46.91,46.700001,46.599998,47.02,38244700
2014-09-15,46.540001,46.240002,46.099998,46.709999,37667600
2014-09-16,46.389999,46.759998,46.290001,46.849998,27910600
2014-09-17,46.259998,46.52,46.23,46.689999,38311900
2014-09-18,46.59,46.68,46.459999,46.830002,35556600
2014-09-19,46.810001,47.52,46.599998,47.57,202522400
2014-09-22,47.299999,47.060001,46.98,47.380001,38686100
2014-09-23,46.849998,46.560001,46.470001,46.98,33430300
2014-09-24,46.630001,47.080002,46.34,47.110001,26582700
2014-09-25,46.880001,46.040001,46.029999,47.09,33077400
2014-09-26,45.93,46.41,45.759998,46.619999,27078800
2014-09-29,45.98,46.439999,45.759998,46.560001,26091000
2014-09-30,46.369999,46.360001,46.009998,46.48,33033100
2014-10-01,46.27,45.900002,45.849998,46.529999,38088400
2014-10-02,45.830002,45.759998,45.639999,46.099998,25119400
2014-10-03,45.98,46.09,45.610001,46.299999,32453200
2014-10-06,46.119999,46.09,45.919998,46.299999,20604000
2014-10-07,45.860001,45.529999,45.419998,45.93,25723700
2014-10-08,45.48,46.779999,45.34,46.889999,33031000
2014-10-09,46.5,45.849998,45.740002,46.799999,34422800
2014-10-10,45.599998,44.029999,43.950001,46.119999,51978100
2014-10-13,43.82,43.650002,43.490002,44.560001,37100200
2014-10-14,43.869999,43.73,43.560001,44.380001,38115700
2014-10-15,43,43.220001,42.099998,43.389999,60218700
2014-10-16,42.529999,42.740002,42.220001,43.080002,49040400
2014-10-17,43.200001,43.630001,42.790001,43.939999,40683300
2014-10-20,43.060001,44.080002,42.810001,44.139999,34527900
2014-10-21,44.360001,44.880001,44.189999,44.98,36433800
2014-10-22,45,44.380001,44.23,45.07,33570900
2014-10-23,44.619999,45.02,44.529999,45.450001,45451900
2014-10-24,46.830002,46.130001,45.18,46.900002,61076700
2014-10-27,45.709999,45.91,45.709999,46.099998,30371300
2014-10-28,45.860001,46.490002,45.77,46.5,29049800
2014-10-29,46.439999,46.619999,46.34,46.700001,30276100
2014-10-30,46.32,46.049999,45.77,46.32,30073900
2014-10-31,46.939999,46.950001,46.48,46.970001,35849700
2014-11-03,46.889999,47.439999,46.73,47.459999,23130400
2014-11-04,47.299999,47.57,47.25,47.73,21530800
2014-11-05,47.799999,47.860001,47.259998,47.900002,22449600
2014-11-06,47.860001,48.700001,47.790001,48.860001,33037800
2014-11-07,48.919998,48.68,48.290001,48.919998,28000600
2014-11-10,48.650002,48.889999,48.549999,49.150002,36370100
2014-11-11,48.849998,48.869999,48.650002,48.950001,23445200
2014-11-12,48.560001,48.779999,48.52,48.919998,22722100
2014-11-13,48.810001,49.610001,48.709999,49.650002,26210400
2014-11-14,49.740002,49.580002,49.389999,50.049999,29081700
2014-11-17,49.41,49.459999,49.139999,49.709999,30318600
2014-11-18,49.130001,48.740002,48.700001,49.330002,23995500
2014-11-19,48.66,48.220001,47.93,48.75,26177500
2014-11-20,48,48.700001,47.869999,48.700001,21510600
2014-11-21,49.02,47.98,47.57,49.049999,42884800
2014-11-24,47.990002,47.59,47.389999,48,35434200
2014-11-25,47.66,47.470001,47.450001,47.970001,28008000
2014-11-26,47.490002,47.75,47.279999,47.990002,27163600
2014-11-28,47.950001,47.810001,47.610001,48.200001,21534400
2014-12-01,47.880001,48.619999,47.709999,48.779999,31191600
2014-12-02,48.84,48.459999,48.200001,49.049999,25773500
2014-12-03,48.439999,48.080002,47.810001,48.5,23534800
2014-12-04,48.389999,48.84,48.200001,49.060001,30320400
2014-12-05,48.82,48.419998,48.380001,48.970001,27313400
2014-12-08,48.259998,47.700001,47.450001,48.349998,26663100
2014-12-09,47.110001,47.59,47.049999,47.919998,24330500
2014-12-10,47.580002,46.900002,46.700001,47.66,30431800
2014-12-11,47.080002,47.169998,46.68,47.740002,29060400
2014-12-12,46.779999,46.950001,46.669998,47.73,34248400
2014-12-15,47.200001,46.669998,46.549999,47.669998,29247800
2014-12-16,45.900002,45.16,45.130001,46.34,47801400
2014-12-17,45.049999,45.740002,44.900002,45.950001,34970900
2014-12-18,46.580002,47.52,46.34,47.52,40105600
2014-12-19,47.630001,47.66,47.169998,48.099998,64551200
2014-12-22,47.779999,47.98,47.709999,48.119999,26566000
2014-12-23,48.369999,48.450001,48.130001,48.799999,23648100
2014-12-24,48.639999,48.139999,48.080002,48.639999,11437800
2014-12-26,48.41,47.880001,47.82,48.41,13197800
2014-12-29,47.700001,47.450001,47.259998,47.779999,14439500
2014-12-30,47.439999,47.02,46.84,47.619999,16384700
2014-12-31,46.73,46.450001,46.450001,47.439999,21552500
2015-01-02,46.66,46.759998,46.540001,47.419998,27913900
2015-01-05,46.369999,46.330002,46.25,46.73,39673900
2015-01-06,46.380001,45.650002,45.540001,46.75,36447900
2015-01-07,45.98,46.23,45.490002,46.459999,29114100
2015-01-08,46.75,47.59,46.720001,47.75,29645200
2015-01-09,47.610001,47.189999,46.900002,47.82,23944200
2015-01-12,47.419998,46.599998,46.360001,47.540001,23651900
2015-01-13,46.970001,46.360001,46.060001,47.91,35270600
2015-01-14,45.959999,45.959999,45.619999,46.240002,29675300
2015-01-15,46.220001,45.48,45.41,46.380001,32750800
2015-01-16,45.310001,46.240002,45.169998,46.279999,35695300
2015-01-20,46.299999,46.389999,45.57,46.650002,36161900
2015-01-21,45.939999,45.919998,45.48,46.139999,39081100
2015-01-22,46.380001,47.130001,46.080002,47.139999,35898000
2015-01-23,47.360001,47.18,46.799999,47.389999,26211600
2015-01-26,47,47.009998,46.240002,47.130001,42525500
2015-01-27,42.950001,42.66,42.110001,43.200001,169164000
2015-01-28,42.740002,41.189999,41.16,42.790001,84507100
2015-01-29,40.93,42.009998,40.790001,42.119999,63585300
2015-01-30,41.549999,40.400002,40.349998,41.580002,78004900
2015-02-02,40.59,41.279999,40.23,41.369999,50352500
2015-02-03,41.630001,41.599998,41.049999,41.93,52082400
2015-02-04,41.939999,41.84,41.360001,42.209999,41614800
2015-02-05,42.220001,42.450001,41.860001,42.639999,36548200
2015-02-06,42.68,42.41,42.150002,42.790001,34616600
2015-02-09,42.240002,42.360001,42.209999,42.740002,31381100
2015-02-10,42.740002,42.599998,42.18,42.77,29670700
2015-02-11,42.650002,42.380001,42.209999,42.650002,38262500
2015-02-12,42.66,43.09,42.509998,43.09,33268800
2015-02-13,43.380001,43.869999,43.150002,43.869999,40264900
2015-02-17,43.970001,43.580002,43.189999,44,33695700
2015-02-18,43.630001,43.529999,43.389999,43.700001,27111700
2015-02-19,43.18,43.5,43.049999,43.529999,27603400
2015-02-20,43.509998,43.860001,43.290001,43.880001,29721100
2015-02-23,43.700001,44.150002,43.650002,44.189999,32518800
2015-02-24,44.150002,44.09,43.919998,44.299999,25271700
2015-02-25,43.950001,43.990002,43.799999,44.09,29759800
2015-02-26,43.990002,44.060001,43.889999,44.23,28957300
2015-02-27,44.130001,43.849998,43.66,44.200001,33807700
2015-03-02,43.669998,43.880001,43.549999,44.189999,31924000
2015-03-03,43.560001,43.279999,43.09,43.830002,31748600
2015-03-04,43.009998,43.060001,42.880001,43.209999,25748700
2015-03-05,43.07,43.110001,42.82,43.240002,23193500
2015-03-06,43,42.360001,42.150002,43.110001,36248800
2015-03-09,42.189999,42.849998,42.189999,43.130001,32108000
2015-03-10,42.349998,42.029999,42.029999,42.709999,39159700
2015-03-11,42.310001,41.98,41.84,42.369999,32215300
2015-03-12,41.330002,41.02,40.860001,41.650002,59992500
2015-03-13,40.700001,41.380001,40.610001,41.470001,58007700
2015-03-16,41.470001,41.560001,41.279999,41.639999,35273500
2015-03-17,41.369999,41.700001,41.150002,41.830002,31673400
2015-03-18,41.43,42.5,41.330002,42.830002,44194800
2015-03-19,42.259998,42.290001,42.220001,42.59,33879100
2015-03-20,42.560001,42.880001,42.490002,42.98,71904500
2015-03-23,42.880001,42.860001,42.779999,43.130001,26246100
2015-03-24,42.779999,42.900002,42.75,43.169998,25513300
2015-03-25,42.919998,41.459999,41.439999,42.93,43469900
2015-03-26,41.220001,41.209999,40.919998,41.610001,37495600
2015-03-27,41.119999,40.970001,40.830002,41.43,34401400
2015-03-30,41.099998,40.959999,40.91,41.540001,35049700
2015-03-31,40.779999,40.66,40.540001,41.029999,34887200
2015-04-01,40.599998,40.720001,40.310001,40.759998,36865300
2015-04-02,40.66,40.290001,40.119999,40.740002,37487500
2015-04-06,40.34,41.549999,40.18,41.779999,39223700
2015-04-07,41.610001,41.529999,41.310001,41.91,28809400
2015-04-08,41.459999,41.419998,41.040001,41.689999,24753400
2015-04-09,41.25,41.48,41.25,41.619999,25723900
2015-04-10,41.630001,41.720001,41.41,41.950001,28022000
2015-04-13,41.400002,41.759998,41.389999,42.060001,30276700
2015-04-14,41.799999,41.650002,41.389999,42.029999,24244400
2015-04-15,41.759998,42.259998,41.68,42.459999,27343600
2015-04-16,41.950001,42.16,41.82,42.34,22509700
2015-04-17,41.669998,41.619999,41.16,41.740002,42387600
2015-04-20,41.73,42.91,41.68,43.169998,46057700
2015-04-21,43,42.639999,42.529999,43.150002,26013800
2015-04-22,42.669998,42.990002,42.549999,43.130001,25064300
2015-04-23,42.889999,43.34,42.799999,43.610001,46309500
2015-04-24,45.66,47.869999,45.650002,48.139999,130933700
2015-04-27,47.23,48.029999,47.220001,48.130001,59248200
2015-04-28,47.779999,49.16,47.700001,49.209999,60730800
2015-04-29,48.720001,49.060001,48.5,49.310001,47804600
2015-04-30,48.700001,48.639999,48.599998,49.540001,64725500
2015-05-01,48.580002,48.66,48.400002,48.880001,38937300
2015-05-04,48.369999,48.240002,48.18,48.869999,34039500
2015-05-05,47.82,47.599998,47.310001,48.16,50369200
2015-05-06,47.57,46.279999,46.02,47.77,52433000
2015-05-07,46.27,46.700001,46.16,47.09,32971700
2015-05-08,47.549999,47.75,47.52,47.98,35364900
2015-05-11,47.549999,47.369999,47.369999,47.91,24609400
2015-05-12,46.849998,47.349998,46.419998,47.68,29928300
2015-05-13,48.189999,47.630001,47.57,48.32,34184600
2015-05-14,48.029999,48.720001,48.029999,48.82,32980900
2015-05-15,48.869999,48.299999,48.049999,48.91,28642700
2015-05-18,47.98,48.009998,47.610001,48.220001,24136500
2015-05-19,47.560001,47.580002,47.18,47.810001,28574800
2015-05-20,47.389999,47.580002,47.27,47.93,25047900
2015-05-21,47.279999,47.419998,47.009998,47.599998,22410700
2015-05-22,47.299999,46.900002,46.82,47.349998,25720600
2015-05-26,46.830002,46.59,46.189999,46.880001,29581900
2015-05-27,46.82,47.610001,46.619999,47.77,27335600
2015-05-28,47.5,47.450001,47.389999,48.02,19283700
2015-05-29,47.43,46.860001,46.59,47.57,36519600
2015-06-01,47.060001,47.23,46.619999,47.77,28837300
2015-06-02,46.93,46.919998,46.619999,47.349998,21498300
2015-06-03,47.369999,46.849998,46.82,47.740002,27955200
2015-06-04,46.790001,46.360001,46.200001,47.16,27745500
2015-06-05,46.310001,46.139999,45.84,46.52,25438100
2015-06-08,46.299999,45.73,45.669998,46.43,22121600
2015-06-09,45.759998,45.650002,45.459999,45.939999,24406100
2015-06-10,45.790001,46.610001,45.689999,46.830002,28417400
2015-06-11,46.66,46.439999,46.130001,46.919998,27347800
2015-06-12,46.220001,45.970001,45.900002,46.470001,23931000
2015-06-15,45.450001,45.48,45.02,45.650002,33254500
2015-06-16,45.349998,45.830002,45.299999,46.240002,27070300
2015-06-17,45.73,45.970001,45.360001,46.07,28704100
2015-06-18,46.220001,46.720001,46.169998,46.799999,32658300
2015-06-19,46.790001,46.099998,45.990002,46.830002,63837000
2015-06-22,46.330002,46.23,46.16,46.720001,20318100
2015-06-23,46.130001,45.91,45.619999,46.279999,25896500
2015-06-24,45.669998,45.639999,45.549999,46.25,34890900
2015-06-25,46.029999,45.650002,45.5,46.060001,20616000
2015-06-26,45.650002,45.259998,45.029999,46.279999,49835300
2015-06-29,45.040001,44.369999,44.360001,45.23,34081700
2015-06-30,44.709999,44.150002,43.939999,44.720001,35945400
2015-07-01,44.459999,44.450001,44.099998,45.23,28343900
2015-07-02,44.48,44.400002,44.060001,44.75,21752000
2015-07-06,43.959999,44.389999,43.950001,44.48,23034000
2015-07-07,44.34,44.299999,43.32,44.490002,36435800
2015-07-08,44.439999,44.240002,44.029999,44.900002,39785900
2015-07-09,44.75,44.52,44.5,45.220001,32099800
2015-07-10,45.009998,44.610001,44.57,45.139999,25465800
2015-07-13,44.98,45.540001,44.950001,45.619999,28178300
2015-07-14,45.450001,45.619999,45.310001,45.959999,22880300
2015-07-15,45.68,45.759998,45.43,45.889999,26629600
2015-07-16,46.009998,46.66,45.970001,46.689999,26271700
2015-07-17,46.549999,46.619999,46.259998,46.779999,29467100
2015-07-20,46.650002,46.919998,46.439999,47.130001,30631900
2015-07-21,46.779999,47.279999,46.48,47.330002,42781900
2015-07-22,45.439999,45.540001,45.200001,46.93,59152400
2015-07-23,45.27,46.110001,45.099998,46.23,33934000
2015-07-24,45.91,45.939999,45.799999,46.32,32333200
2015-07-27,45.939999,45.349998,45.25,46.009998,39701400
2015-07-28,45.580002,45.34,44.790001,45.639999,34328900
2015-07-29,45.400002,46.290001,45.259998,46.779999,40945900
2015-07-30,46.259998,46.880001,45.93,47.400002,39777900
2015-07-31,47.290001,46.700001,46.5,47.369999,31201500
2015-08-03,46.98,46.810001,46.450001,47,24125900
2015-08-04,46.75,47.540001,46.68,47.709999,33403900
2015-08-05,47.98,47.580002,47.540001,48.41,26959700
2015-08-06,47.709999,46.619999,46.330002,47.77,27368000
2015-08-07,46.389999,46.740002,46.259998,46.779999,19163000
2015-08-10,46.950001,47.330002,46.84,47.490002,23079900
2015-08-11,46.82,46.41,45.900002,46.939999,29237400
2015-08-12,46.189999,46.740002,45.709999,46.900002,30181400
2015-08-13,47.060001,46.73,46.490002,47.099998,22627200
2015-08-14,46.529999,47,46.52,47.099998,21473400
2015-08-17,46.810001,47.32,46.57,47.450001,21099700
2015-08-18,46.84,47.27,46.700001,47.43,23574100
2015-08-19,46.779999,46.610001,46.299999,47.080002,31444000
2015-08-20,46.07,45.66,45.66,46.470001,36238200
2015-08-21,45.299999,43.07,43.07,45.48,70053100
2015-08-24,40.450001,41.68,39.720001,42.689999,88753700
2015-08-25,42.57,40.470001,40.389999,43.240002,70616600
2015-08-26,42.009998,42.709999,41.060001,42.84,63408000
2015-08-27,43.23,43.900002,42.93,43.950001,50943200
2015-08-28,43.400002,43.93,43.389999,44.150002,28246700
2015-08-31,43.560001,43.52,43.099998,43.93,34441700
2015-09-01,42.169998,41.82,41.66,42.59,49688900
2015-09-02,42.360001,43.360001,41.880001,43.380001,37671500
2015-09-03,43.41,43.5,43.279999,43.98,28285200
2015-09-04,42.810001,42.610001,42.200001,43.040001,37138800
2015-09-08,43.299999,43.889999,43.200001,44,32469800
2015-09-09,44.209999,43.07,42.91,44.400002,33469500
2015-09-10,43.119999,43.290001,42.75,43.790001,31366600
2015-09-11,43.139999,43.48,42.939999,43.59,27132500
2015-09-14,43.43,43.040001,42.860001,43.439999,23656000
2015-09-15,43.189999,43.98,43.080002,44.290001,28882200
2015-09-16,43.970001,44.299999,43.84,44.380001,23372200
2015-09-17,44.290001,44.25,44.080002,45,32768200
2015-09-18,43.5,43.48,43.330002,43.990002,63143700
2015-09-21,43.619999,44.110001,43.599998,44.470001,26177200
2015-09-22,43.380001,43.900002,43.310001,44.049999,28085900
2015-09-23,43.93,43.869999,43.509998,44.169998,17145200
2015-09-24,43.450001,43.91,43.27,44.130001,27905600
2015-09-25,44.48,43.939999,43.759998,44.73,29384600
2015-09-28,43.830002,43.290001,43.209999,44.09,27613800
2015-09-29,43.369999,43.439999,43.049999,43.57,32763600
2015-09-30,43.880001,44.259998,43.66,44.299999,34958900
2015-10-01,44.75,44.610001,43.75,44.75,28657900
2015-10-02,44.27,45.57,43.919998,45.57,41839000
2015-10-05,45.75,46.630001,45.700001,46.889999,34369300
2015-10-06,46.330002,46.75,46.220001,47.18,27017200
2015-10-07,47.099998,46.799999,45.950001,47.349998,27711500
2015-10-08,46.560001,47.450001,46.5,47.52,33772700
2015-10-09,47.450001,47.110001,46.919998,47.540001,28600600
2015-10-12,46.98,47,46.5,47.07,19769100
2015-10-13,46.560001,46.889999,46.560001,47.130001,19987800
2015-10-14,46.650002,46.68,46.529999,47.099998,24697800
2015-10-15,47.009998,47.009998,46.529999,47.029999,27189400
2015-10-16,47.02,47.509998,46.900002,47.540001,26450300
2015-10-19,47.419998,47.619999,47.02,47.880001,29387600
2015-10-20,47.439999,47.77,47.02,47.810001,30574000
2015-10-21,47.919998,47.200001,47.110001,47.990002,25144300
2015-10-22,47.529999,48.029999,47.09,48.950001,56637100
2015-10-23,52.299999,52.869999,52.25,54.07,135227100
2015-10-26,52.529999,54.25,52.5,54.32,64633300
2015-10-27,53.990002,53.689999,53.580002,54.369999,50999900
2015-10-28,53.540001,53.98,52.860001,53.98,47000800
2015-10-29,53.540001,53.360001,53.220001,53.830002,30202100
2015-10-30,53.32,52.639999,52.619999,53.990002,46619800
2015-11-02,52.849998,53.240002,52.619999,53.360001,30285000
2015-11-03,52.93,54.150002,52.900002,54.389999,36596900
2015-11-04,54.18,54.400002,54.060001,54.880001,37087800
2015-11-05,54.490002,54.380001,54,54.700001,31468500
2015-11-06,54.09,54.919998,53.959999,54.98,32851200
2015-11-09,54.549999,54.16,53.560001,54.869999,32513100
2015-11-10,54.07,53.509998,53.27,54.130001,55283700
2015-11-11,53.700001,53.650002,53.459999,54.200001,36516300
2015-11-12,53.48,53.32,53.189999,53.98,35361100
2015-11-13,53.07,52.84,52.529999,53.290001,36848200
2015-11-16,53.080002,53.77,52.849998,53.889999,32165200
2015-11-17,53.169998,52.970001,52.849998,53.529999,31551300
2015-11-18,53,53.849998,52.98,53.98,29710000
2015-11-19,53.990002,53.939999,53.779999,54.66,28149200
2015-11-20,54.25,54.189999,53.27,54.299999,37147600
2015-11-23,54.25,54.189999,53.75,54.459999,28235900
2015-11-24,53.919998,54.25,53.580002,54.439999,24600000
2015-11-25,54.09,53.689999,53.689999,54.23,21005100
2015-11-27,53.799999,53.93,53.790001,54.080002,9009100
2015-11-30,54.540001,54.349998,54,54.959999,56241400
2015-12-01,54.41,55.220001,54.299999,55.23,39952800
2015-12-02,55.32,55.209999,55.060001,55.959999,47274900
2015-12-03,55.490002,54.200001,53.93,55.77,38627800
2015-12-04,54.119999,55.91,54.099998,56.23,43963700
2015-12-07,55.790001,55.810001,55.290001,55.970001,30709800
2015-12-08,55.470001,55.790001,54.990002,56.099998,32878000
2015-12-09,55.369999,54.98,54.509998,55.869999,36373200
2015-12-10,55.389999,55.27,55.009998,55.66,31620700
2015-12-11,54.709999,54.060001,54.009998,55.099998,39549500
2015-12-14,54.330002,55.139999,53.68,55.209999,46768900
2015-12-15,55.66,55.200001,55.09,55.900002,39843000
2015-12-16,55.540001,56.130001,54.759998,56.25,37503300
2015-12-17,56.360001,55.700001,55.529999,56.790001,41280900
2015-12-18,55.77,54.130001,54.029999,56,84684200
2015-12-21,54.880001,54.830002,54.23,55.349998,37246300
2015-12-22,54.990002,55.349998,54.5,55.48,28322200
2015-12-23,55.700001,55.82,55.439999,55.880001,27279800
2015-12-24,55.860001,55.669998,55.43,55.959999,9558500
2015-12-28,55.349998,55.950001,54.98,55.950001,22458300
2015-12-29,56.290001,56.549999,56.060001,56.849998,27731400
2015-12-30,56.470001,56.310001,56.290001,56.779999,21704500
2015-12-31,56.040001,55.48,55.419998,56.189999,26529600
2016-01-04,54.32,54.799999,53.389999,54.799999,53778000
2016-01-05,54.93,55.049999,54.540001,55.389999,34079700
2016-01-06,54.32,54.049999,53.639999,54.400002,39518900
2016-01-07,52.700001,52.169998,52.07,53.490002,56564900
2016-01-08,52.369999,52.330002,52.150002,53.279999,48754000
2016-01-11,52.509998,52.299999,51.459999,52.849998,36943800
2016-01-12,52.759998,52.779999,52.060001,53.099998,36095500
2016-01-13,53.799999,51.639999,51.299999,54.07,66883600
2016-01-14,52,53.110001,51.57,53.419998,52381900
2016-01-15,51.310001,50.990002,50.34,51.970001,70739100
2016-01-19,51.48,50.560001,50.060001,51.68,43564500
2016-01-20,49.98,50.790001,49.099998,51.380001,63273000
2016-01-21,51,50.48,50.299999,51.580002,40191200
2016-01-22,51.41,52.290001,51.259998,52.330002,37555800
2016-01-25,51.939999,51.790001,51.650002,52.650002,34707700
2016-01-26,51.790001,52.169998,51.549999,52.439999,28900800
2016-01-27,52.009998,51.220001,51.02,52.200001,36775200
2016-01-28,51.860001,52.060001,51.25,52.209999,62513800
2016-01-29,54.73,55.09,54,55.09,83611700
2016-02-01,54.880001,54.709999,54.5,55.09,44208500
2016-02-02,54.169998,53,52.650002,54.259998,56313800
2016-02-03,53.25,52.16,51.259998,53.389999,57559800
2016-02-04,52.099998,52,51.369999,52.810001,46987100
2016-02-05,51.939999,50.16,49.560001,52,62009000
2016-02-08,49.549999,49.41,48.189999,49.57,59290500
2016-02-09,49.02,49.279999,48.669998,50.240002,46740500
2016-02-10,49.889999,49.709999,49.52,50.389999,38237000
2016-02-11,48.68,49.689999,48.509998,50.110001,48878600
2016-02-12,50.25,50.5,49.75,50.68,34243300
2016-02-16,50.900002,51.09,50.130001,51.09,37291200
2016-02-17,51.490002,52.419998,51.450001,52.77,40789000
2016-02-18,52.330002,52.189999,52.099998,52.950001,27176000
2016-02-19,51.970001,51.82,51.529999,52.279999,33559100
2016-02-22,52.279999,52.650002,52.279999,53,25008300
2016-02-23,52.34,51.18,50.98,52.369999,28895300
2016-02-24,50.689999,51.360001,50.200001,51.5,33014500
2016-02-25,51.73,52.099998,50.610001,52.099998,26939500
2016-02-26,52.599998,51.299999,51.099998,52.68,35975900
2016-02-29,51.349998,50.880001,50.66,51.650002,31654000
2016-03-01,50.970001,52.580002,50.919998,52.59,33024500
2016-03-02,52.41,52.950001,52.16,52.959999,29289900
2016-03-03,52.970001,52.349998,51.779999,52.970001,24427800
2016-03-04,52.400002,52.029999,51.709999,52.450001,33034200
2016-03-07,51.560001,51.029999,50.580002,51.799999,38407800
2016-03-08,50.799999,51.650002,50.599998,52.130001,33835100
2016-03-09,51.889999,52.84,51.860001,52.849998,28251600
2016-03-10,52.93,52.049999,51.16,52.939999,38387800
2016-03-11,53,53.07,52.380001,53.07,32275700
2016-03-14,52.709999,53.169998,52.630001,53.59,24083600
2016-03-15,52.75,53.59,52.740002,53.59,21104800
2016-03-16,53.450001,54.349998,53.400002,54.599998,31691700
2016-03-17,54.209999,54.66,54,55,28223900
2016-03-18,54.919998,53.490002,53.450001,54.970001,67625500
2016-03-21,53.25,53.860001,52.93,53.93,23925700
2016-03-22,53.610001,54.07,53.459999,54.25,23124100
2016-03-23,54.110001,53.970001,53.740002,54.240002,20129000
2016-03-24,53.84,54.209999,53.73,54.330002,19950000
2016-03-28,54.209999,53.540001,53.330002,54.290001,17025100
2016-03-29,53.66,54.709999,53.450001,54.860001,23924300
2016-03-30,54.93,55.049999,54.900002,55.639999,23008300
2016-03-31,54.950001,55.23,54.860001,55.59,26360500
2016-04-01,55.049999,55.57,54.57,55.610001,24399200
2016-04-04,55.43,55.43,55,55.66,18928800
2016-04-05,55.189999,54.560001,54.459999,55.299999,19272300
2016-04-06,54.360001,55.119999,54.209999,55.200001,21188700
2016-04-07,54.869999,54.459999,54.23,54.91,19225100
2016-04-08,54.669998,54.419998,54.32,55.279999,22167200
2016-04-11,54.490002,54.310001,54.299999,55.150002,21414200
2016-04-12,54.369999,54.650002,53.759998,54.779999,24944300
2016-04-13,55.119999,55.349998,54.889999,55.439999,20818000
2016-04-14,55.220001,55.360001,55.07,55.580002,20877100
2016-04-15,55.299999,55.650002,55.110001,55.919998,28793800
2016-04-18,55.490002,56.459999,55.209999,56.59,23150300
2016-04-19,56.630001,56.389999,55.68,56.77,29596800
2016-04-20,56.290001,55.59,55.490002,56.5,36195700
2016-04-21,55.799999,55.779999,55.419998,56.23,38909100
2016-04-22,51.91,51.779999,50.77,52.43,126834100
2016-04-25,51.779999,52.110001,51.630001,52.130001,33226900
2016-04-26,52.259998,51.439999,51.09,52.349998,33532600
2016-04-27,51.48,50.939999,50.549999,51.5,43369300
2016-04-28,50.619999,49.900002,49.560001,50.77,43134800
2016-04-29,49.349998,49.869999,49.349998,50.25,48411700
2016-05-02,50,50.610001,49.779999,50.75,33114500
2016-05-03,50.34,49.779999,49.599998,50.41,26460200
2016-05-04,49.84,49.869999,49.459999,50.060001,24257600
2016-05-05,49.869999,49.939999,49.73,50.299999,25390700
2016-05-06,49.919998,50.389999,49.66,50.389999,24715600
2016-05-09,50.490002,50.07,50,50.59,17951600
2016-05-10,50.330002,51.02,50.189999,51.099998,22891000
2016-05-11,51.130001,51.049999,51,51.779999,24039100
2016-05-12,51.200001,51.509998,50.919998,51.810001,24102800
2016-05-13,51.439999,51.080002,51.040001,51.900002,22592300
2016-05-16,50.799999,51.830002,50.75,51.959999,20032000
2016-05-17,51.720001,50.509998,50.360001,51.73,27803500
2016-05-18,50.48,50.810001,50.299999,51.139999,24907500
2016-05-19,50.470001,50.32,49.82,50.619999,23842400
2016-05-20,50.48,50.619999,50.400002,51.220001,23905800
2016-05-23,50.599998,50.029999,49.98,50.68,26118700
2016-05-24,50.700001,51.59,50.400002,51.709999,34757900
2016-05-25,51.919998,52.119999,51.790001,52.490002,24040200
2016-05-26,51.93,51.889999,51.360001,51.98,24335200
2016-05-27,51.919998,52.32,51.77,52.32,17653700
2016-05-31,52.259998,53,52.080002,53,37653100
2016-06-01,52.439999,52.849998,52.439999,52.950001,25324800
2016-06-02,52.639999,52.48,51.84,52.740002,22840800
2016-06-03,52.380001,51.790001,51.599998,52.419998,23081300
2016-06-06,51.990002,52.130001,51.889999,52.349998,18243300
2016-06-07,52.240002,52.099998,52.099998,52.73,20866800
2016-06-08,52.02,52.040001,51.869999,52.439999,21149400
2016-06-09,52,51.619999,51.490002,52,20305700
2016-06-10,51.049999,51.48,51.040001,52.049999,25833200
2016-06-13,49.580002,50.139999,49.060001,50.720001,83217800
2016-06-14,49.900002,49.830002,49.57,50.099998,42577100
2016-06-15,49.779999,49.689999,49.689999,50.119999,33757600
2016-06-16,49.52,50.389999,49.509998,50.470001,31188600
2016-06-17,50.41,50.130001,49.82,50.43,45710500
2016-06-20,50.639999,50.07,50.029999,50.830002,35607900
2016-06-21,50.200001,51.189999,50.16,51.43,34097800
2016-06-22,51.080002,50.990002,50.950001,51.459999,28816800
2016-06-23,51.279999,51.91,51.150002,52.060001,29028800
2016-06-24,49.810001,49.830002,49.52,50.939999,133503000
2016-06-27,49.099998,48.43,48.040001,49.150002,50216300
2016-06-28,48.919998,49.439999,48.669998,49.470001,38140700
2016-06-29,49.91,50.540001,49.799999,50.720001,31304000
2016-06-30,50.720001,51.169998,50.5,51.299999,28527800
2016-07-01,51.130001,51.16,51.07,51.720001,21400400
2016-07-05,50.830002,51.169998,50.740002,51.279999,24806400
2016-07-06,50.779999,51.380001,50.389999,51.540001,28167500
2016-07-07,51.419998,51.380001,51.07,51.610001,19585200
2016-07-08,51.73,52.299999,51.549999,52.360001,28391000
2016-07-11,52.5,52.59,52.470001,52.830002,22269200
2016-07-12,52.939999,53.209999,52.790001,53.400002,27317600
2016-07-13,53.560001,53.509998,53.18,53.860001,25356800
2016-07-14,53.84,53.740002,53.580002,53.990002,24545500
2016-07-15,53.950001,53.700001,53.209999,54,32024400
2016-07-18,53.700001,53.959999,53.549999,54.34,31433900
2016-07-19,53.709999,53.09,52.93,53.900002,53336500
2016-07-20,56.150002,55.91,55.529999,56.84,89893300
2016-07-21,55.98,55.799999,55.759998,56.23,32776700
2016-07-22,56.080002,56.57,55.779999,56.630001,32157200
2016-07-25,56.470001,56.73,56.259998,56.740002,25610600
2016-07-26,56.52,56.759998,56.509998,57.290001,28079000
2016-07-27,56.610001,56.189999,56.110001,56.799999,32327500
2016-07-28,56,56.209999,55.720001,56.369999,37550400
2016-07-29,56.259998,56.68,56.049999,56.759998,30558700
2016-08-01,56.599998,56.580002,56.139999,56.75,26003400
2016-08-02,56.849998,56.580002,56.310001,56.900002,35122000
2016-08-03,56.68,56.970001,56.490002,57.110001,22075600
2016-08-04,56.799999,57.389999,56.669998,57.52,26587700
2016-08-05,57.650002,57.959999,57.450001,58.209999,29335200
2016-08-08,58.060001,58.060001,57.779999,58.09,19473500
2016-08-09,58.169998,58.200001,58.02,58.5,16920700
2016-08-10,58.16,58.02,57.82,58.32,15756900
2016-08-11,58.029999,58.299999,58.029999,58.450001,18162300
2016-08-12,58.029999,57.939999,57.619999,58.189999,21655200
2016-08-15,58.009998,58.119999,57.959999,58.5,19283900
2016-08-16,57.610001,57.439999,57.27,57.619999,20523500
2016-08-17,57.540001,57.560001,57.23,57.68,18856400
2016-08-18,57.419998,57.599998,57.27,57.700001,14214300
2016-08-19,57.43,57.619999,57.200001,57.73,17271000
2016-08-22,57.599998,57.669998,57.259998,57.75,15221900
2016-08-23,57.900002,57.889999,57.849998,58.18,18732400
2016-08-24,57.799999,57.950001,57.720001,58.040001,18151500
2016-08-25,57.880001,58.169998,57.779999,58.290001,18552600
2016-08-26,58.279999,58.029999,57.689999,58.700001,20971200
2016-08-29,58.18,58.099998,58.099998,58.599998,16417200
2016-08-30,57.98,57.889999,57.610001,58.189999,16930200
2016-08-31,57.650002,57.459999,57.299999,57.799999,20860300
2016-09-01,57.009998,57.59,57.009998,57.82,26075400
2016-09-02,57.669998,57.669998,57.419998,58.189999,18900500
2016-09-06,57.779999,57.610001,57.209999,57.799999,16278400
2016-09-07,57.470001,57.66,57.41,57.84,17493400
2016-09-08,57.630001,57.43,57.18,57.790001,20146100
2016-09-09,56.790001,56.209999,56.209999,57.52,35113900
2016-09-12,56,57.049999,55.610001,57.209999,29303000
2016-09-13,56.5,56.529999,56.049999,56.650002,30130200
2016-09-14,56.389999,56.259998,56.029999,56.630001,24062500
2016-09-15,56.150002,57.189999,55.98,57.349998,26847000
2016-09-16,57.630001,57.25,56.75,57.630001,44607000
2016-09-19,57.27,56.93,56.849998,57.75,20937100
2016-09-20,57.349998,56.810001,56.75,57.349998,17384000
2016-09-21,57.509998,57.759998,57.080002,57.849998,33707300
2016-09-22,57.919998,57.82,57.630001,58,19822200
2016-09-23,57.869999,57.43,57.380001,57.91,19955300
2016-09-26,57.080002,56.900002,56.830002,57.139999,21688700
2016-09-27,56.93,57.950001,56.68,58.060001,28065100
2016-09-28,57.880001,58.029999,57.669998,58.060001,20536400
2016-09-29,57.810001,57.400002,57.209999,58.169998,25463500
2016-09-30,57.57,57.599998,57.34,57.77,29910800
2016-10-03,57.41,57.419998,57.060001,57.549999,19189500
2016-10-04,57.27,57.240002,56.970001,57.599998,20085900
2016-10-05,57.290001,57.639999,57.259998,57.959999,16726400
2016-10-06,57.740002,57.740002,57.279999,57.860001,16212600
2016-10-07,57.849998,57.799999,57.419998,57.98,20089000
2016-10-10,57.91,58.040001,57.869999,58.389999,18196500
2016-10-11,57.889999,57.189999,56.889999,58.02,26497400
2016-10-12,57.110001,57.110001,56.400002,57.27,22177500
2016-10-13,56.700001,56.919998,56.32,57.299999,25313700
2016-10-14,57.119999,57.419998,57.119999,57.740002,27402500
2016-10-17,57.360001,57.220001,56.869999,57.459999,23830000
2016-10-18,57.529999,57.66,57.41,57.950001,19149500
2016-10-19,57.470001,57.529999,57.400002,57.84,22878400
2016-10-20,57.5,57.25,56.66,57.52,49455600
2016-10-21,60.279999,59.66,59.490002,60.450001,80032200
2016-10-24,59.939999,61,59.93,61,54067000
2016-10-25,60.849998,60.990002,60.799999,61.369999,35137200
2016-10-26,60.810001,60.630001,60.470001,61.200001,29911600
2016-10-27,60.610001,60.099998,60.09,60.830002,28479900
2016-10-28,60.009998,59.869999,59.580002,60.52,33574700
2016-10-31,60.16,59.919998,59.919998,60.419998,26434700
2016-11-01,59.970001,59.799999,59.25,60.02,24533000
2016-11-02,59.82,59.43,59.299999,59.93,22147000
2016-11-03,59.529999,59.209999,59.110001,59.639999,21600400
2016-11-04,58.650002,58.709999,58.52,59.279999,28697000
2016-11-07,59.779999,60.419998,59.779999,60.52,31664800
2016-11-08,60.549999,60.470001,60.150002,60.779999,22935400
2016-11-09,60,60.169998,59.200001,60.59,49632500
2016-11-10,60.48,58.700001,57.630001,60.490002,57822400
2016-11-11,58.23,59.02,58.009998,59.119999,38767800
2016-11-14,59.02,58.119999,57.279999,59.080002,41328400
2016-11-15,58.330002,58.869999,58.32,59.490002,35904100
2016-11-16,58.939999,59.650002,58.810001,59.66,27332500
2016-11-17,60.41,60.639999,59.970001,60.950001,32132700
2016-11-18,60.779999,60.349998,60.299999,61.139999,27686300
2016-11-21,60.5,60.860001,60.419998,60.970001,19652600
2016-11-22,60.98,61.119999,60.810001,61.259998,23206700
2016-11-23,61.009998,60.400002,60.25,61.099998,21848900
2016-11-25,60.299999,60.529999,60.130001,60.529999,8409600
2016-11-28,60.34,60.610001,60.209999,61.02,20732600
2016-11-29,60.650002,61.09,60.52,61.41,22366700
2016-11-30,60.860001,60.259998,60.220001,61.18,34655400
2016-12-01,60.110001,59.200001,58.939999,60.150002,34542100
2016-12-02,59.080002,59.25,58.799999,59.470001,25515700
2016-12-05,59.700001,60.220001,59.560001,60.59,23552700
2016-12-06,60.43,59.950001,59.799999,60.459999,19907000
2016-12-07,60.009998,61.369999,59.799999,61.380001,30809000
2016-12-08,61.299999,61.009998,60.84,61.580002,21220800
2016-12-09,61.18,61.970001,61.130001,61.990002,27349400
2016-12-12,61.82,62.169998,61.720001,62.299999,20198100
2016-12-13,62.5,62.98,62.240002,63.419998,35718900
2016-12-14,63,62.68,62.529999,63.450001,30352700
2016-12-15,62.700001,62.580002,62.299999,63.150002,27669900
2016-12-16,62.950001,62.299999,62.119999,62.950001,42453100
2016-12-19,62.560001,63.619999,62.419998,63.77,34338200
2016-12-20,63.689999,63.540001,63.029999,63.799999,26028400
2016-12-21,63.43,63.540001,63.119999,63.700001,17096300
2016-12-22,63.84,63.549999,63.41,64.099998,22176600
2016-12-23,63.450001,63.240002,62.799999,63.540001,12403800
2016-12-27,63.209999,63.279999,63.209999,64.07,11763200
2016-12-28,63.400002,62.990002,62.830002,63.400002,14653300
2016-12-29,62.860001,62.900002,62.73,63.200001,10250600
2016-12-30,62.959999,62.139999,62.029999,62.990002,25579900
